Hyper_id;MAE_test;MSE_test;RMSE_test;MAPE_test;MPE_test;MAE_train;MSE_train;RMSE_train;MAPE_train;MPE_train;Window;Dropout Rate;Number of Neurons (each layer);Number of Epochs Filter Size;Batche Size;Prediction Window;
0;94.71619873;10674.59742;103.3179434;20.74290779;-20.54779752;120.0331711;17324.37892;131.6221065;40.4645066;-39.12300031;20;0.3;200;10;40;70;1
0;365.9022298;135972.6003;368.7446274;77.96257316;-77.96257316;237.3481209;78152.51393;279.5577113;74.30956664;-69.23267797;20;0.3;200;10;40;70;5
0;267.8725769;74091.79989;272.1980894;57.39960082;-57.39960082;199.3463443;56868.92708;238.4720677;63.14837148;-61.4386168;20;0.3;200;10;40;70;10
0;267.3483744;76597.08781;276.7617889;57.59770004;-57.59770004;188.9241485;52425.42875;228.9659991;59.34732946;-58.55640685;20;0.3;200;10;40;70;30
0;361.9003192;132315.3053;363.7517083;87.07115956;-87.07115956;249.8011168;69583.12489;263.7861348;85.76053717;-85.76053717;20;0.3;200;10;40;70;1
0;423.281677;181785.7774;426.3634335;102.0237674;-102.0237674;244.2402216;90158.13964;300.2634504;81.72323218;-81.52767509;20;0.3;200;10;40;70;5
0;262.4144356;71690.35733;267.7505506;63.37275887;-63.37275887;233.0290005;63840.01146;252.6658098;79.64951203;-79.64951203;20;0.3;200;10;40;70;10
0;333.3197925;119925.6437;346.3028208;80.38160221;-80.38160221;194.8713118;57586.99739;239.9729097;66.83076163;-58.76847599;20;0.3;200;10;40;70;30
0;41.77964976;2178.895812;46.67864407;10.02509372;-4.193651089;133.0853641;25938.81087;161.0553038;43.14197627;-42.98311095;20;0.3;200;10;40;70;1
0;99.93160838;10977.3989;104.7730829;24.47814004;-24.47814004;197.7677166;44966.84263;212.0538673;68.36694867;-68.36694867;20;0.3;200;10;40;70;5
0;121.9046216;19135.99402;138.3329101;29.42199032;16.68364174;150.5637277;28049.22894;167.4790403;56.8064638;-56.8064638;20;0.3;200;10;40;70;10
0;174.0670782;35681.07722;188.8943547;42.19427108;37.08335338;84.95744392;10817.91038;104.0091841;31.67853427;-29.27888898;20;0.3;200;10;40;70;30
0;44.87963033;2884.811347;53.71043983;16.11027162;-11.52632783;280.9742964;150764.6029;388.284178;71.67692412;-71.57142363;20;0.3;200;10;40;70;1
0;75.7905924;7410.896707;86.08656519;25.18390262;18.43670635;272.9657486;131173.0425;362.1781917;72.69464858;-47.37555263;20;0.3;200;10;40;70;5
0;39.90867513;2205.960656;46.96765542;13.5009638;-4.189575429;169.119136;43900.1704;209.523675;48.07744834;-32.26388244;20;0.3;200;10;40;70;10
0;199.7829143;40570.5934;201.4214323;65.5483414;65.5483414;303.0621407;138464.9287;372.1087593;91.03241594;-36.670755;20;0.3;200;10;40;70;30
0;161.3909412;26357.40891;162.3496502;66.27662008;-66.27662008;586.968283;507126.7832;712.1283474;141.8560729;-141.8560729;20;0.3;200;10;40;70;1
0;49.82867325;2555.914856;50.55605657;20.24105541;19.91361958;428.9972159;296861.5304;544.8500073;101.5935016;-96.46190182;20;0.3;200;10;40;70;5
0;15.51823827;460.3755425;21.45636368;6.224017516;0.97195157;323.9548365;153704.4184;392.0515507;81.4897744;-81.48124629;20;0.3;200;10;40;70;10
0;185.4352957;35351.43724;188.0197788;76.13598664;76.13598664;444.4534341;265520.5152;515.2868281;116.4131058;-93.64363853;20;0.3;200;10;40;70;30
1;56.48398081;6201.353137;78.7486707;10.71926164;10.57152034;32.06302854;1713.814841;41.39824684;10.86484228;-1.012426037;5;0.2;40;200;35;90;1
1;43.28360209;4900.567005;70.00404992;7.933695615;7.654986485;30.8803617;1606.169834;40.07704872;10.57869027;-3.546053716;5;0.2;40;200;35;90;5
1;41.99938649;4323.908447;65.75643274;7.775627045;6.603499553;30.40207508;1660.182506;40.74533723;10.43145231;-3.127765326;5;0.2;40;200;35;90;10
1;47.55200317;4327.888537;65.78668966;9.054670048;8.298303495;30.28899137;1589.45383;39.86795493;10.11844408;-3.13450891;5;0.2;40;200;35;90;30
1;38.05816854;1607.2626;40.09067971;9.081207316;8.170510964;37.63363717;2147.951719;46.34600003;12.7413264;-1.389811773;5;0.2;40;200;35;90;1
1;49.07484436;2751.832214;52.45790897;11.69731096;10.91823937;36.67157795;2223.596102;47.15502203;12.04610121;0.957407249;5;0.2;40;200;35;90;5
1;21.93783264;716.2376954;26.7626175;5.396246358;-4.738053054;34.6897137;2198.26744;46.88568481;11.44334244;-1.105173262;5;0.2;40;200;35;90;10
1;12.71931712;246.710333;15.70701541;3.075813032;-0.288259552;36.64530863;2079.079178;45.5969207;12.42898881;0.053834457;5;0.2;40;200;35;90;30
1;28.59039836;1234.54507;35.13609355;7.065800361;-2.529556392;38.30981414;2542.852621;50.42670543;12.20791867;1.054311213;5;0.2;40;200;35;90;1
1;73.99010284;7352.200596;85.74497417;18.19553004;-18.04911217;36.19759365;2275.368554;47.70082341;11.53948091;2.131380481;5;0.2;40;200;35;90;5
1;73.28823995;7741.116127;87.98361283;18.19638381;-17.75625993;43.98045701;3349.346438;57.87353832;13.96851556;1.747615364;5;0.2;40;200;35;90;10
1;179.5798199;34945.30231;186.9366265;42.49729199;42.48184069;36.8077416;2265.410798;47.59633177;12.57212616;0.14383191;5;0.2;40;200;35;90;30
1;77.95625041;9373.855868;96.8186752;23.26648151;16.68962123;43.17546495;3124.546754;55.89764534;11.9095599;5.021561024;5;0.2;40;200;35;90;1
1;85.97001923;11176.13604;105.7172457;25.41105337;24.82845342;39.45367508;2477.39344;49.77342102;11.49548987;6.347743317;5;0.2;40;200;35;90;5
1;69.09922282;7852.587786;88.61482825;20.33538759;17.26884416;31.26622524;1649.370165;40.61243855;9.211530381;3.866786628;5;0.2;40;200;35;90;10
1;43.14170898;2784.285957;52.76633356;13.16361175;7.017641363;44.94566772;3374.311026;58.08882015;12.8555976;4.86678626;5;0.2;40;200;35;90;30
1;22.7093337;636.3467821;25.22591489;9.403850659;-3.831247042;50.72878976;4233.526089;65.06555224;12.55385747;4.117951901;5;0.2;40;200;35;90;1
1;21.4192543;744.2212912;27.28041956;9.17196077;-6.932239844;50.44279282;4169.405945;64.57093731;12.89087734;2.007127143;5;0.2;40;200;35;90;5
1;22.99038864;652.128876;25.53681413;9.477259021;-3.443611863;49.64860237;4246.525476;65.16537022;12.42885679;5.180812849;5;0.2;40;200;35;90;10
1;18.81885086;464.3337743;21.54840538;7.662923138;-1.260365456;45.32521384;3722.318907;61.01080976;11.59158342;4.253440574;5;0.2;40;200;35;90;30
2;42.95120738;4475.504619;66.8992124;8.03159761;3.099690845;36.23970202;2275.282982;47.69992644;12.1006354;-3.699590591;2;0.1;100;120;60;70;1
2;43.607618;5382.399618;73.36483911;7.9320913;6.747530115;33.59229232;1848.639031;42.99580248;11.44458881;-3.523388025;2;0.1;100;120;60;70;5
2;38.48598562;4489.074797;67.00055818;6.943279153;6.47022473;36.5434564;2130.71201;46.15963616;12.75043141;-5.258311319;2;0.1;100;120;60;70;10
2;50.77234914;4514.643789;67.19109903;9.754395918;9.531338826;30.17929581;1597.851625;39.9731363;10.43260023;-3.805267419;2;0.1;100;120;60;70;30
2;55.15590769;3299.765054;57.44358148;13.17757991;12.03795024;40.17881441;2475.140661;49.75078553;13.35781778;1.510966166;2;0.1;100;120;60;70;1
2;26.14326884;953.4640645;30.87821343;6.261671152;4.778308849;38.44663893;2389.032016;48.87772516;12.94524474;-1.454039369;2;0.1;100;120;60;70;5
2;12.25210856;300.8652007;17.34546629;2.987725738;-0.239593332;41.87692721;2665.735917;51.63076522;14.13929313;-2.392633489;2;0.1;100;120;60;70;10
2;27.45582052;914.936933;30.24792444;6.553459969;4.846589717;38.00745173;2408.17527;49.07316243;13.10895575;-4.087888494;2;0.1;100;120;60;70;30
2;47.58910207;3238.089861;56.90421655;11.87599792;-11.45084064;44.36774932;3108.97355;55.75817025;14.58642518;-2.275555001;2;0.1;100;120;60;70;1
2;25.62700002;1000.826396;31.63584037;6.265478628;3.585165345;45.39322765;3185.396639;56.4393182;15.05881724;-3.143154544;2;0.1;100;120;60;70;5
2;51.14555227;4445.775119;66.67664598;12.92691912;-12.76492578;41.79864642;3036.586688;55.10523285;13.37095363;2.095342781;2;0.1;100;120;60;70;10
2;189.9176003;39416.91572;198.5369379;44.94716819;44.78684503;41.15576103;2774.048226;52.66923415;14.05143494;-0.245064774;2;0.1;100;120;60;70;30
2;76.67853836;9169.32247;95.75657925;22.65059349;19.75448563;48.25199607;3695.037172;60.78681742;13.67345241;3.528647039;2;0.1;100;120;60;70;1
2;77.55961533;9697.011933;98.47340724;22.81990609;19.36154427;49.70484331;4383.219952;66.20589061;13.45162638;7.773633282;2;0.1;100;120;60;70;5
2;70.79449336;7898.474712;88.87336334;20.93093415;17.41710277;41.79648866;2785.783343;52.78052049;12.04278104;3.801754813;2;0.1;100;120;60;70;10
2;48.08036524;3560.45165;59.66952027;14.43557047;9.944425956;42.04456169;2924.682346;54.08033234;12.08834466;5.510155816;2;0.1;100;120;60;70;30
2;17.16993764;549.7313146;23.44634971;7.265665733;-4.498164231;48.87739123;4112.960702;64.1323686;12.7273417;2.604011636;2;0.1;100;120;60;70;1
2;19.88388677;861.9271242;29.35859541;8.333485979;-3.834112762;52.11995507;4549.23993;67.44805357;14.0069638;0.218090161;2;0.1;100;120;60;70;5
2;23.91471705;807.5093001;28.41670812;9.721961581;-1.614567645;50.45894204;4410.912469;66.4147007;12.98269241;4.732441706;2;0.1;100;120;60;70;10
2;19.28431346;546.6258435;23.38003087;7.694230469;0.491971375;55.86989378;5229.818999;72.31748751;14.17831079;6.402559181;2;0.1;100;120;60;70;30
3;58.92694855;5908.42916;76.86630706;11.34068279;11.34068279;24.76197157;969.8231424;31.1419836;8.796076872;-0.906801467;15;0.3;60;20;7;30;1
3;52.19492015;4989.735556;70.63806025;9.976710188;9.761388965;23.84322676;879.5576855;29.6573378;8.187476834;-0.768325066;15;0.3;60;20;7;30;5
3;63.89551768;6512.912142;80.70261546;12.44699251;11.78171391;32.80682;1899.838448;43.58713627;10.17903527;-2.96247837;15;0.3;60;20;7;30;10
3;90.86958771;12237.24432;110.6220788;17.77433566;17.77433566;28.38638497;1216.15106;34.87335745;9.268745264;-0.166539976;15;0.3;60;20;7;30;30
3;16.07540171;330.1347793;18.16961142;3.848900069;3.28190822;36.33146801;1815.196872;42.6051273;13.1262503;-6.778423719;15;0.3;60;20;7;30;1
3;34.44126272;1379.89993;37.14700432;8.252311762;6.773307464;25.72180707;1059.045288;32.54297601;8.802325123;1.63974021;15;0.3;60;20;7;30;5
3;21.82398946;656.0580335;25.61362984;5.283561122;-3.12122926;39.91486185;2467.620381;49.67514853;13.58868654;-5.146996961;15;0.3;60;20;7;30;10
3;52.00841085;4053.767775;63.66920586;12.39673519;11.88764505;35.28057448;2451.792805;49.51558144;11.03236088;6.741922815;15;0.3;60;20;7;30;30
3;32.42015991;1674.804178;40.92437144;7.919394175;3.608243615;30.64205654;1601.58977;40.0198672;9.918951;4.211751175;15;0.3;60;20;7;30;1
3;31.17654205;1333.490908;36.51699479;7.690959302;-3.613403322;32.29548346;1669.977491;40.86535808;10.56503426;-0.551616411;15;0.3;60;20;7;30;5
3;58.03961904;5163.728778;71.85908974;14.03084633;1.130212314;40.76663502;2974.600849;54.53990144;13.46770702;-2.071551815;15;0.3;60;20;7;30;10
3;204.4083363;44324.25309;210.5332589;48.48044385;48.48044385;28.28327104;1446.302743;38.03028718;9.998394653;5.657575126;15;0.3;60;20;7;30;30
3;94.03259028;11353.6169;106.5533524;28.62964609;28.62964609;27.91434763;1149.066207;33.89787909;9.233712603;4.854783286;15;0.3;60;20;7;30;1
3;106.1625194;13990.88132;118.2830559;32.54887003;32.54887003;47.99146646;3429.115546;58.55865048;14.14015881;0.478670225;15;0.3;60;20;7;30;5
3;105.1662954;14039.89484;118.4900622;32.10070372;32.10070372;56.07018408;4836.504778;69.54498385;17.18144929;0.608430473;15;0.3;60;20;7;30;10
3;70.76678192;6264.645522;79.14951372;21.91819073;21.91819073;56.72607363;5524.271369;74.32544227;16.09548151;14.63263275;15;0.3;60;20;7;30;30
3;43.21988851;2370.889025;48.69177574;18.34311813;-17.98668594;33.85363644;1926.347479;43.89017519;8.774887241;3.961606013;15;0.3;60;20;7;30;1
3;21.34897161;826.4252092;28.74761224;8.248916146;5.089366036;32.66629582;1723.617867;41.51647705;8.644193098;2.734146547;15;0.3;60;20;7;30;5
3;25.73556544;974.3888883;31.21520284;10.21408178;7.245336242;38.96198117;3046.989903;55.19954622;10.76087953;-1.933830199;15;0.3;60;20;7;30;10
3;19.92896749;562.1677341;23.71007664;8.11089043;-1.352021797;32.57313118;1761.675223;41.97231496;8.820918283;1.707221507;15;0.3;60;20;7;30;30
4;87.49921112;10038.87174;100.1941702;17.3603423;17.3603423;28.82848216;1364.323683;36.93675247;9.395390805;4.127363547;3;0.5;90;120;100;90;1
4;44.82603556;4461.056079;66.79113773;8.367527858;8.342138816;28.59342975;1251.263087;35.3731973;10.06468167;-4.65316748;3;0.5;90;120;100;90;5
4;73.26155853;8334.286004;91.29231076;14.24246703;14.24246703;25.28492104;1083.517468;32.91682652;8.489316543;0.788846943;3;0.5;90;120;100;90;10
4;52.40735992;5423.794239;73.64641362;9.919629282;9.608690545;28.71204792;1263.599042;35.54713832;9.847319924;-6.556571474;3;0.5;90;120;100;90;30
4;39.69035899;1779.30869;42.18185262;9.454966737;8.887904542;34.02770409;1866.143179;43.19887937;11.38206982;3.213724707;3;0.5;90;120;100;90;1
4;18.62316935;442.0250894;21.02439272;4.454193523;3.336005979;36.92935765;1902.921538;43.62248891;13.04826082;-4.852884505;3;0.5;90;120;100;90;5
4;30.46620199;1150.884376;33.92468682;7.228683572;7.174513652;31.24828423;1643.578088;40.54106669;10.28014852;1.736384889;3;0.5;90;120;100;90;10
4;39.48365987;1975.878597;44.45085598;9.425872309;8.265250555;40.58712061;2766.959812;52.60189932;13.21818852;3.57440795;3;0.5;90;120;100;90;30
4;28.85055776;1018.741621;31.91773207;6.765006586;6.225893158;46.51375231;3960.293067;62.93085942;13.82602823;4.260259912;3;0.5;90;120;100;90;1
4;49.59598918;3564.694248;59.70506049;12.1798958;-11.17845587;43.83341321;3594.514196;59.95426754;13.11532494;4.701888879;3;0.5;90;120;100;90;5
4;53.88420532;3924.550278;62.64623116;13.24672072;-7.042091656;47.51577051;4269.297497;65.33986147;14.21457077;8.194467134;3;0.5;90;120;100;90;10
4;190.6190994;38083.99124;195.151201;45.1572044;45.1572044;43.34905564;3160.256363;56.21615749;13.98382804;5.473686488;3;0.5;90;120;100;90;30
4;58.6464949;6263.542882;79.14254786;17.31513165;15.74757403;49.44920848;4464.837205;66.81943733;12.61259615;8.518502199;3;0.5;90;120;100;90;1
4;66.56211644;7261.583017;85.2149225;19.50520746;19.11557427;45.26341314;3807.86862;61.70792996;11.69365781;7.451902837;3;0.5;90;120;100;90;5
4;85.60672104;9964.623811;99.82296234;25.76027301;25.76027301;41.68667038;3074.504879;55.448218;11.03963529;10.10300333;3;0.5;90;120;100;90;10
4;57.19051041;5068.097898;71.1905745;16.84201893;15.47228011;47.62804687;4614.319008;67.92877894;12.62156274;7.746449587;3;0.5;90;120;100;90;30
4;19.77103185;478.2859422;21.86974948;8.16251448;-2.786318792;60.04667068;6811.713299;82.53310426;13.69660634;9.916736968;3;0.5;90;120;100;90;1
4;18.25340652;541.1058405;23.26168181;7.247048418;0.832788766;50.32904215;4475.342977;66.89800428;11.97169089;8.010909264;3;0.5;90;120;100;90;5
4;17.92763056;555.5661215;23.57045018;7.080175273;1.431899971;51.35045499;4455.818947;66.75192092;12.59328222;7.94455492;3;0.5;90;120;100;90;10
4;22.97239039;724.7679981;26.92151552;9.199258099;-0.03531586;58.92413389;6326.875259;79.54165738;13.69300652;10.88263614;3;0.5;90;120;100;90;30
5;67.9834376;7237.402605;85.07292522;13.2046694;13.2046694;30.9905305;1502.842363;38.76651085;10.38803794;3.196487719;3;0.3;70;70;30;70;1
5;78.05810547;8959.32483;94.65371007;15.27059569;15.27059569;26.01272602;1053.718399;32.46102893;8.674276597;1.060883559;3;0.3;70;70;30;70;5
5;85.56663157;10223.33569;101.1105123;16.8498596;16.8498596;29.91637065;1354.334758;36.80128744;10.10509937;-0.069852461;3;0.3;70;70;30;70;10
5;83.50195313;9618.410638;98.0734961;16.47464103;16.47464103;28.62322995;1338.595392;36.58681992;9.874466424;-1.686258256;3;0.3;70;70;30;70;30
5;48.64441447;2603.692394;51.02638919;11.58804772;11.58804772;35.16166481;1719.367711;41.46525909;12.16578346;-1.551764349;3;0.3;70;70;30;70;1
5;73.48995687;5724.447612;75.66007938;17.5477204;17.5477204;35.35726408;2087.298748;45.68696475;11.2459803;4.870198705;3;0.3;70;70;30;70;5
5;60.03453949;4066.281331;63.76740022;14.35543983;14.35543983;38.56433177;2439.035872;49.38659608;12.23010202;3.251969863;3;0.3;70;70;30;70;10
5;76.13038757;6007.112062;77.50556149;18.22624461;18.22624461;45.96917205;3761.998068;61.33512915;14.40585987;6.848855362;3;0.3;70;70;30;70;30
5;27.29278371;1165.45906;34.13882043;6.632444877;-6.354409639;36.86515798;2383.46588;48.82075256;11.21374441;4.698537103;3;0.3;70;70;30;70;1
5;28.64702332;1283.988296;35.83278242;6.819566317;1.969797507;48.33137513;4260.210538;65.27028833;14.54625739;6.022563783;3;0.3;70;70;30;70;5
5;42.61777863;2344.170396;48.41663346;10.13722906;3.179999617;44.46487979;3876.213407;62.25924355;13.11376711;9.25723088;3;0.3;70;70;30;70;10
5;181.6609634;34472.1441;185.6667555;43.03246517;43.03246517;41.2029964;2709.741945;52.05518173;13.72828382;2.038479623;3;0.3;70;70;30;70;30
5;66.19633784;6706.989555;81.89621209;19.49196834;19.25262802;40.18318337;2749.975981;52.44021339;10.75421721;5.660661305;3;0.3;70;70;30;70;1
5;86.28997197;10120.87212;100.6025453;25.96748649;25.96748649;49.97720787;4533.338414;67.33007065;12.89201939;11.76246056;3;0.3;70;70;30;70;5
5;76.55532145;8799.402023;93.80512791;22.61926328;22.44606518;38.44412051;2849.448811;53.38022865;10.03899759;6.865300717;3;0.3;70;70;30;70;10
5;56.14155289;4799.593921;69.27910162;16.56581521;16.02102539;63.60632875;8127.110886;90.15049021;16.51052863;11.0311755;3;0.3;70;70;30;70;30
5;19.20589549;749.4437801;27.37597085;7.366814201;5.097969832;52.30040705;4083.984867;63.90606283;13.03907798;10.81358886;3;0.3;70;70;30;70;1
5;22.44662944;966.2986137;31.08534403;8.596702596;7.554260238;68.36374433;8190.258842;90.50004885;16.05844188;14.66163352;3;0.3;70;70;30;70;5
5;19.50652384;782.6781251;27.97638513;7.48433026;4.21717723;51.74192089;4602.433078;67.84123435;12.46722417;9.522597893;3;0.3;70;70;30;70;10
5;36.62411809;1616.599593;40.20695951;15.58183728;-15.58183728;62.84224092;6144.102385;78.38432487;16.22487271;2.703396895;3;0.3;70;70;30;70;30
6;61.44606171;6607.012322;81.28353045;11.78654261;11.78654261;24.90546566;1110.543403;33.32481662;8.365400215;2.224930905;1;0.3;60;100;6;80;1
6;57.38362651;6825.774357;82.6182447;10.84346281;10.78288961;27.49962145;1136.276122;33.70869505;9.313216864;1.673847762;1;0.3;60;100;6;80;5
6;86.81397909;10226.7947;101.1276159;17.21156974;17.21156974;25.57390674;1046.098502;32.34344605;8.693582674;-1.257384195;1;0.3;60;100;6;80;10
6;75.64898834;8534.120234;92.3803022;14.78875135;14.78875135;32.7470038;1744.767872;41.77041862;11.02007425;0.108962663;1;0.3;60;100;6;80;30
6;65.49524862;4617.613126;67.95302146;15.62686474;15.62686474;30.91519598;1470.754734;38.35042025;10.14950173;1.129574185;1;0.3;60;100;6;80;1
6;42.88887889;2104.762209;45.87768748;10.21102883;9.993611314;32.02787604;1643.517496;40.54031938;10.53418109;2.111370987;1;0.3;60;100;6;80;5
6;92.47319;8857.902229;94.11642911;22.13363723;22.13363723;43.3915119;3306.39702;57.50127842;13.36944643;6.398245716;1;0.3;60;100;6;80;10
6;30.53755544;1082.202725;32.89684978;7.26567044;6.925560529;36.24132598;2270.597664;47.6507887;11.82754748;4.490183534;1;0.3;60;100;6;80;30
6;26.77697988;1014.303471;31.84813135;6.31959596;3.046289738;44.1370033;3633.705259;60.28022278;13.04012041;8.300652283;1;0.3;60;100;6;80;1
6;30.85185547;1420.34005;37.68739909;7.334284805;3.991151023;41.1984133;3329.990443;57.70606937;12.27081494;5.543402861;1;0.3;60;100;6;80;5
6;35.82953389;1646.164576;40.57295375;8.448486887;3.407495335;41.63286407;2924.926855;54.08259291;13.08922547;5.521173716;1;0.3;60;100;6;80;10
6;182.6404253;34984.90657;187.0425261;43.24045554;43.24045554;38.40679397;2441.521379;49.41175345;12.77646466;5.425839809;1;0.3;60;100;6;80;30
6;95.59860463;12082.4783;109.920327;28.94563431;28.94563431;64.45109551;7225.219152;85.00128912;16.90778879;14.90191865;1;0.3;60;100;6;80;1
6;65.65677546;6636.854321;81.46689095;19.32380975;18.94516182;54.5063604;5427.477572;73.67141625;14.1051628;8.6028751;1;0.3;60;100;6;80;5
6;75.18380758;8770.568946;93.65131577;22.17784778;21.98275687;47.50600895;4002.273237;63.26352216;12.73798986;7.14078567;1;0.3;60;100;6;80;10
6;80.47967356;8520.611829;92.30716023;24.46065921;24.46065921;52.27519926;5023.401109;70.87595579;14.40431033;12.31206424;1;0.3;60;100;6;80;30
6;44.96779958;2552.73728;50.52462053;17.77067441;15.27422781;62.62087686;7413.033444;86.0989747;14.44196715;10.62658863;1;0.3;60;100;6;80;1
6;20.14678487;507.6398858;22.53086518;8.180949023;-1.615801168;46.23512381;3504.074439;59.19522311;11.28754544;8.215789904;1;0.3;60;100;6;80;5
6;21.0655366;779.9279776;27.92719065;8.154683525;7.242894035;54.92984939;5157.339676;71.81462021;13.22048068;9.668568621;1;0.3;60;100;6;80;10
6;68.94007121;5642.397103;75.11589115;29.34532998;-24.02337997;53.59849264;4457.817165;66.76688674;14.35894096;1.181194727;1;0.3;60;100;6;80;30
7;49.99067424;5904.633244;76.84161141;9.289822962;8.147860265;24.68886518;1064.34139;32.62424544;8.287705663;-2.10155068;15;0.2;90;100;25;100;1
7;72.06378835;7885.152413;88.79838069;14.06406949;14.06406949;31.72420307;1445.359387;38.01788247;11.1219585;-4.948166876;15;0.2;90;100;25;100;5
7;67.38485718;6944.238694;83.33209882;13.15458239;13.08429143;24.01662169;1024.456965;32.00713928;7.903184867;-0.477322361;15;0.2;90;100;25;100;10
7;103.2585653;14897.49921;122.0553121;20.4219309;20.4219309;26.70570369;1281.639552;35.79999374;8.534442456;-0.165702325;15;0.2;90;100;25;100;30
7;81.467836;7875.791696;88.74565734;19.44834789;19.19743386;27.93244444;1278.64867;35.75819725;9.273554113;0.518172307;15;0.2;90;100;25;100;1
7;75.94960805;6284.089648;79.27225018;18.13412836;18.13412836;27.25878097;1185.660187;34.43341672;9.127078541;0.483249325;15;0.2;90;100;25;100;5
7;53.91929545;3155.803156;56.17653564;12.85172064;12.73414365;27.45639393;1343.115134;36.64853522;8.918996241;1.736424756;15;0.2;90;100;25;100;10
7;26.40030314;1006.732289;31.72904488;6.378671817;3.280193831;29.68710519;1601.367003;40.01708389;9.770806728;1.266873165;15;0.2;90;100;25;100;30
7;42.84147664;2473.308558;49.73236932;10.24755823;-7.4423834;34.51831319;2049.252898;45.26867458;10.78918637;5.095182498;15;0.2;90;100;25;100;1
7;40.47738922;2117.279262;46.01390292;9.689857378;-8.830092184;30.0678285;1555.350029;39.43792628;9.801113189;-0.173711974;15;0.2;90;100;25;100;5
7;51.43046427;4838.291502;69.55782847;11.80466157;10.5779639;30.37845445;1612.775869;40.15938083;9.821873435;2.238101414;15;0.2;90;100;25;100;10
7;130.3227614;19964.06302;141.2942427;30.80313498;28.15014552;28.59114118;1401.450173;37.43594761;9.974542099;-2.138420019;15;0.2;90;100;25;100;30
7;63.41911774;5923.061735;76.96143018;18.92067555;15.25852154;23.24510527;849.234265;29.14162427;7.429508958;-0.262789458;15;0.2;90;100;25;100;1
7;75.67710759;8837.252081;94.00665977;22.30082105;22.26667497;40.58845642;3047.141451;55.20091894;10.73058229;8.265181373;15;0.2;90;100;25;100;5
7;67.70133525;7059.082508;84.01834626;19.97655185;19.95885123;33.47187576;1897.118922;43.55592867;9.307835895;6.485155663;15;0.2;90;100;25;100;10
7;47.69415639;3623.3781;60.19450224;14.03357562;13.17556944;31.58561866;1800.995243;42.4381343;9.202689629;4.866595083;15;0.2;90;100;25;100;30
7;16.42416056;395.5035187;19.88727027;7.071709684;-5.809668289;28.62076821;1494.303542;38.65622255;7.463593259;2.009979999;15;0.2;90;100;25;100;1
7;38.40279653;1788.833622;42.29460512;16.45785211;-16.17863738;42.11248954;2902.412102;53.87403922;10.67942813;3.483269833;15;0.2;90;100;25;100;5
7;18.22339386;634.0135449;25.17962559;7.099331642;4.393618047;40.4415512;2837.010633;53.26359575;10.16460622;4.762844147;15;0.2;90;100;25;100;10
7;26.94080963;969.051948;31.12959923;10.65861107;0.889655887;34.09884072;1998.517229;44.70477859;9.229730347;5.407654143;15;0.2;90;100;25;100;30
8;78.05445506;8973.358985;94.72781526;15.28219567;15.28219567;33.38016947;1523.684258;39.03439839;11.94100343;-6.257611178;15;0.1;100;10;8;70;1
8;133.5053513;22051.98709;148.4991148;26.71743866;26.71743866;41.70519972;2518.79895;50.18763742;14.29957609;-4.715312314;15;0.1;100;10;8;70;5
8;112.9159241;14763.90251;121.5068002;22.85243381;22.85243381;44.6473214;2802.463704;52.93830091;15.56103918;-7.268430151;15;0.1;100;10;8;70;10
8;125.1112442;19624.49059;140.0874391;25.00309008;25.00309008;55.30015653;4585.314339;67.71494915;17.4202106;15.32484245;15;0.1;100;10;8;70;30
8;89.8079953;8407.833501;91.69423919;21.49249987;21.49249987;45.62356421;3885.117576;62.33071134;14.30684028;10.09555512;15;0.1;100;10;8;70;1
8;66.31967845;4941.791191;70.29787472;15.83231685;15.81749461;37.23050416;1970.331642;44.38841788;13.23875731;-5.566331152;15;0.1;100;10;8;70;5
8;52.7723996;4472.054707;66.87342303;12.59241073;12.59241073;45.327681;2806.630475;52.97764128;15.85347541;9.398739715;15;0.1;100;10;8;70;10
8;35.78513285;1787.145591;42.27464477;8.625494064;3.285888179;33.81145926;1818.980119;42.64950315;12.18056678;-2.497279467;15;0.1;100;10;8;70;30
8;24.27687592;800.1439309;28.2868155;5.955788482;-5.260000601;32.57426703;1786.1202;42.2625153;11.82460521;-7.388825827;15;0.1;100;10;8;70;1
8;48.58302307;2996.122282;54.73684574;11.33407727;11.06568051;33.42022606;1661.820593;40.7654338;11.79767029;-4.188594335;15;0.1;100;10;8;70;5
8;119.2299814;16679.53174;129.1492615;27.86963344;27.86963344;44.37577561;3249.778927;57.00683229;14.32178884;11.6145864;15;0.1;100;10;8;70;10
8;185.5987566;36181.92695;190.2154751;44.04262675;44.04262675;36.9926991;2153.578802;46.40666765;12.5811414;5.730244828;15;0.1;100;10;8;70;30
8;65.30166097;7585.162477;87.09283826;19.39799899;19.18651005;29.92616803;1329.662045;36.46453132;9.915850411;6.260125652;15;0.1;100;10;8;70;1
8;96.78599462;12312.26077;110.9606271;29.65245028;27.32186107;66.45864825;7797.510039;88.30351091;17.6332351;16.32239677;15;0.1;100;10;8;70;5
8;134.2151708;21181.1512;145.5374563;41.78859915;41.78859915;57.49817443;4762.9127;69.01385875;20.14188979;13.70350221;15;0.1;100;10;8;70;10
8;28.86156703;1194.37837;34.55977966;8.991287302;2.871308672;49.82381672;3772.582689;61.42135369;18.54845995;-14.86865279;15;0.1;100;10;8;70;30
8;40.45860219;1974.418118;44.43442493;16.76027069;-9.316468201;63.26626271;6271.547959;79.1931055;17.24345149;-4.793760697;15;0.1;100;10;8;70;1
8;73.48803736;6080.352149;77.97661283;30.92804879;-30.91794287;82.16598337;10202.6652;101.0082432;20.99073012;-13.09167223;15;0.1;100;10;8;70;5
8;100.2720596;10404.00113;102.0000055;40.83981992;40.83981992;50.27018348;4347.274739;65.9338664;13.7692869;11.11922497;15;0.1;100;10;8;70;10
8;92.93517928;11328.66596;106.4362061;39.10148913;38.61343467;66.56076567;7118.817235;84.3730836;20.58062379;-17.2797282;15;0.1;100;10;8;70;30
9;53.33067444;8535.580286;92.38820426;9.663446248;7.402030933;37.51356358;2372.019509;48.70338294;12.69537341;-4.293997144;1;0.1;50;1000;5;70;1
9;47.70957774;4543.706077;67.40701801;9.12623513;1.438610942;37.87712819;2442.746398;49.42414793;12.6880374;-4.10217639;1;0.1;50;1000;5;70;5
9;43.40722158;4630.836032;68.05024638;8.037746407;7.390563045;34.22145218;1920.031713;43.81816647;11.72946601;-3.457109685;1;0.1;50;1000;5;70;10
9;40.3877892;3834.708298;61.92502158;7.556290763;3.374811262;37.68511834;2301.699146;47.97602679;12.67532383;-4.317730389;1;0.1;50;1000;5;70;30
9;45.82978363;2485.664596;49.85643986;10.92569599;10.04778273;41.58904869;2748.072649;52.42206262;13.90653573;-1.431775224;1;0.1;50;1000;5;70;1
9;22.50362396;640.606378;25.31020304;5.396477761;3.911124184;37.13794033;2146.566833;46.3310569;12.54148329;-2.323187206;1;0.1;50;1000;5;70;5
9;41.31943614;2088.382164;45.69882015;9.83468399;9.118242443;42.21605755;2744.844759;52.39126605;14.32710596;-2.417711055;1;0.1;50;1000;5;70;10
9;13.8252242;305.434205;17.47667603;3.369408701;-1.049734893;40.4446426;2430.532608;49.30043213;13.91181396;-3.011317235;1;0.1;50;1000;5;70;30
9;24.19380341;894.7575715;29.91249858;5.958621214;-4.060878754;41.93138667;2843.792185;53.32721805;13.62522148;-0.67972801;1;0.1;50;1000;5;70;1
9;21.8075233;695.1984624;26.36661644;5.315485902;-3.470544023;44.15305629;3239.436202;56.91604521;14.37076175;-0.856627588;1;0.1;50;1000;5;70;5
9;34.55015137;1907.707663;43.67731291;8.621172987;-4.959805071;42.69222039;2993.444062;54.71237577;14.03925605;-0.2643157;1;0.1;50;1000;5;70;10
9;161.206119;28384.86398;168.4780816;37.96289731;37.96289731;41.09367016;2729.448899;52.24412789;14.24955902;-2.680022064;1;0.1;50;1000;5;70;30
9;88.74737198;10933.61016;104.5639047;27.01997607;15.252837;41.09226708;2788.015316;52.80166016;11.85313325;6.013706444;1;0.1;50;1000;5;70;1
9;75.6990357;7672.163873;87.59088922;23.42396941;10.47157694;41.81384002;2921.858701;54.05422001;12.00468937;3.557871341;1;0.1;50;1000;5;70;5
9;73.6822614;8360.781473;91.43730898;21.80035025;19.36022141;40.64780415;2721.616275;52.16911227;11.72361535;6.469882167;1;0.1;50;1000;5;70;10
9;50.63284927;3756.104388;61.28706543;15.57074315;8.140397884;42.53111626;2903.53083;53.88442103;12.46599238;5.573306044;1;0.1;50;1000;5;70;30
9;23.34121643;676.3470162;26.00667253;9.654088473;-4.051649307;53.93908181;5223.293507;72.27235645;14.09955324;3.227436121;1;0.1;50;1000;5;70;1
9;22.99644485;773.5498127;27.81276349;9.341329581;-1.927805006;50.57296918;4602.21386;67.83961866;13.23662036;2.30342261;1;0.1;50;1000;5;70;5
9;23.80791667;932.2526137;30.53281208;10.14139362;-7.078505896;50.08293502;4745.196406;68.88538601;13.24151885;1.783923575;1;0.1;50;1000;5;70;10
9;67.38702866;6430.777598;80.19212928;28.3012518;-20.36331611;48.97991281;4312.293264;65.6680536;12.97540052;2.833327945;1;0.1;50;1000;5;70;30
10;209.6838476;47254.68121;217.3814187;42.88540751;42.88540751;63.01692031;7484.70867;86.5142108;17.43459372;16.76558042;3;0.4;20;30;10;90;1
10;169.2239782;31738.01812;178.1516717;34.40684583;34.40684583;43.26194028;3472.133849;58.92481522;12.44141624;7.371781158;3;0.4;20;30;10;90;5
10;194.0685567;40585.73856;201.4590245;39.66930751;39.66930751;56.01137738;6196.004786;78.71470502;15.37961113;13.66008735;3;0.4;20;30;10;90;10
10;177.5038386;34893.06335;186.7968505;36.0975091;36.0975091;59.09448436;5395.735708;73.45567172;17.70598345;4.537681566;3;0.4;20;30;10;90;30
10;156.9034505;24834.33369;157.5891294;37.65837244;37.65837244;55.36630535;5740.622673;75.76689695;16.27946696;9.612302465;3;0.4;20;30;10;90;1
10;111.469947;12604.01966;112.2676252;26.74269197;26.74269197;46.79049235;3601.425236;60.01187579;14.78743377;1.923273566;3;0.4;20;30;10;90;5
10;111.4249142;12655.97454;112.4987757;26.73878395;26.73878395;50.87073399;4276.888518;65.39792442;15.64975775;6.972650344;3;0.4;20;30;10;90;10
10;107.2998003;12054.1436;109.791364;25.66708843;25.66708843;47.74588276;4068.010989;63.78096103;14.75955871;4.750997665;3;0.4;20;30;10;90;30
10;165.0349441;28045.10284;167.4667216;39.09132241;39.09132241;60.87076947;7521.851633;86.72860908;17.08569788;15.76803183;3;0.4;20;30;10;90;1
10;137.5017115;19817.41836;140.7743526;32.53656258;32.53656258;55.93852152;7000.140442;83.66684195;15.89761569;8.909821389;3;0.4;20;30;10;90;5
10;168.8644022;29181.62751;170.826308;40.04836863;40.04836863;59.21754465;7429.39067;86.19391318;16.77135255;15.24063702;3;0.4;20;30;10;90;10
10;203.7809356;42555.56004;206.2899902;48.32066322;48.32066322;56.60876204;5715.27035;75.59940707;17.31248144;16.24294077;3;0.4;20;30;10;90;30
10;74.92364482;7522.85381;86.73438655;22.63302656;22.63302656;70.19094328;10953.22637;104.6576628;16.42409438;14.64905982;3;0.4;20;30;10;90;1
10;58.28341756;5333.562098;73.03124056;17.37922291;11.71200729;76.18151305;12484.83619;111.7355637;18.35006153;12.4764208;3;0.4;20;30;10;90;5
10;99.78056875;12410.82505;111.4038826;30.59791829;30.59791829;80.35291879;12799.69638;113.1357432;20.1050375;19.61529504;3;0.4;20;30;10;90;10
10;99.79942123;13181.76311;114.8118596;30.19286623;30.19286623;82.74894134;13493.66733;116.1622457;21.63259512;19.23356982;3;0.4;20;30;10;90;30
10;9.513277079;179.0462823;13.3808177;3.996704799;-1.294720304;57.11083245;6858.618152;82.81677458;13.08642095;2.548048128;3;0.4;20;30;10;90;1
10;20.73161535;546.8177592;23.38413477;8.73599314;-5.021372899;89.15949969;16685.88598;129.1738595;19.59490553;10.19686425;3;0.4;20;30;10;90;5
10;19.54573669;517.426357;22.74700765;8.252111962;-4.841754301;69.02200471;9709.248056;98.53551672;15.67329648;6.967435148;3;0.4;20;30;10;90;10
10;20.70344142;620.1245628;24.90230035;8.298545608;-0.12057097;97.31573553;19595.77558;139.984912;20.79684426;18.31619648;3;0.4;20;30;10;90;30
11;41.09536611;4403.304686;66.35740114;7.550269655;7.2148661;20.30632191;746.2246929;27.31711355;6.522594899;2.65006151;40;0.3;30;50;20;40;1
11;61.47072357;6536.617914;80.84935321;11.85481704;9.804005729;25.03846177;989.7026485;31.45953987;8.14204454;-2.34173694;40;0.3;30;50;20;40;5
11;80.8161377;11037.38358;105.0589529;15.56709009;15.56709009;20.27897085;721.6221162;26.86302508;6.473294661;2.052218404;40;0.3;30;50;20;40;10
11;56.06654073;7572.661148;87.02103854;10.42909296;4.170166615;26.92721522;1124.262808;33.53002845;8.977789741;-1.073037872;40;0.3;30;50;20;40;30
11;35.94809784;1792.303076;42.33560058;8.547136061;1.562826563;20.92532408;797.9483767;28.24798005;7.174666023;-1.636524048;40;0.3;30;50;20;40;1
11;29.53005076;1310.005554;36.19399886;7.035469636;6.864306501;21.03416577;863.7480273;29.38959046;7.141053855;-1.483530582;40;0.3;30;50;20;40;5
11;27.31628133;1017.786791;31.9027709;6.588108174;-2.789363248;29.33849751;1537.216476;39.20735232;9.970969084;-5.244949785;40;0.3;30;50;20;40;10
11;23.31151571;854.1484705;29.22581856;5.527487965;4.46117141;22.61621181;866.8382699;29.44211728;7.971808868;1.014200014;40;0.3;30;50;20;40;30
11;45.47625783;2909.092419;53.93600299;10.59395143;9.447781824;19.45181767;690.6818379;26.28082643;6.788314078;-0.985653449;40;0.3;30;50;20;40;1
11;102.863606;12003.71138;109.5614502;24.03047706;24.03047706;27.54857252;1321.674916;36.35484722;9.572283578;-3.097110893;40;0.3;30;50;20;40;5
11;100.670682;12169.28853;110.3144983;23.38247043;23.38247043;21.49564106;846.8587943;29.10083838;7.557370092;0.501649297;40;0.3;30;50;20;40;10
11;160.82851;26850.83638;163.8622482;38.07627394;38.07627394;22.02253259;1008.009884;31.74917138;7.669810397;-1.459578503;40;0.3;30;50;20;40;30
11;61.31122442;5310.391426;72.87243255;18.4855456;18.4855456;40.74460963;4050.972128;63.64724761;10.6926907;-7.251658023;40;0.3;30;50;20;40;1
11;45.63718465;3260.673999;57.10231168;13.98121673;13.96180465;22.74944124;942.6899452;30.70325626;7.729138063;-4.498350956;40;0.3;30;50;20;40;5
11;73.08437785;6298.609592;79.3637801;23.38167173;23.38167173;24.82552746;1069.135158;32.6976323;8.905238058;1.378329836;40;0.3;30;50;20;40;10
11;52.30088511;4056.169759;63.68806607;15.74936829;10.60970149;25.21009689;926.9487886;30.44583368;9.43148835;-5.890573631;40;0.3;30;50;20;40;30
11;16.05544337;405.0859598;20.12674737;6.763175525;-3.953863234;27.67953423;1594.568267;39.93204562;7.51196378;-2.806070716;40;0.3;30;50;20;40;1
11;27.63887314;970.808785;31.15780456;11.48434621;9.693687067;34.54051957;1899.453641;43.58272182;9.425174744;-1.746201514;40;0.3;30;50;20;40;5
11;29.32640696;1191.536847;34.51864492;12.64417998;-12.56899877;27.34106187;1512.813124;38.89489843;7.819021457;-3.061178223;40;0.3;30;50;20;40;10
11;21.89691386;715.0560287;26.74053157;8.580176075;7.717540991;22.54682187;856.4411217;29.26501532;6.948866299;-1.029640904;40;0.3;30;50;20;40;30
12;172.5387385;32333.08506;179.8140291;35.2190738;35.2190738;63.75244875;5689.89938;75.4314217;19.34363948;19.27819979;10;0.7;70;70;40;50;1
12;53.09745687;5257.950236;72.51172482;10.1109994;10.1109994;31.1615827;1458.414626;38.18919515;11.55031569;-8.183926962;10;0.7;70;70;40;50;5
12;126.3713364;19005.14827;137.859161;25.40210989;25.40210989;32.60007373;1779.027657;42.17852128;9.76847141;6.643582119;10;0.7;70;70;40;50;10
12;159.9379333;28669.97151;169.322094;32.45834119;32.45834119;53.26196026;4198.068873;64.79250631;16.08931226;11.66996089;10;0.7;70;70;40;50;30
12;55.31134918;3169.960309;56.30240056;13.24576143;13.24576143;24.92302391;1141.616876;33.78782141;7.670681489;3.624271772;10;0.7;70;70;40;50;1
12;90.46682556;8366.327043;91.46762839;21.69042954;21.69042954;37.98227311;2645.256293;51.43205512;11.44902678;7.652926357;10;0.7;70;70;40;50;5
12;103.0570849;11012.51799;104.940545;24.70971003;24.70971003;50.96896662;4810.145473;69.3552123;15.09295347;14.18331929;10;0.7;70;70;40;50;10
12;32.61374563;1532.376971;39.14558686;7.803540457;6.116905104;42.40956204;3107.497298;55.74493069;13.69564034;7.827237892;10;0.7;70;70;40;50;30
12;55.49914602;3683.978154;60.69578366;12.91844348;12.6997073;31.29884173;1766.678559;42.03187551;9.558581187;7.776507769;10;0.7;70;70;40;50;1
12;65.00312622;5350.500659;73.14711655;15.09558588;14.78004705;43.46341666;4039.919143;63.56035827;12.57098416;10.29274461;10;0.7;70;70;40;50;5
12;78.06276469;8308.214905;91.14940979;18.01547113;17.90946221;44.38951134;3950.891408;62.85611671;13.20269741;8.189312022;10;0.7;70;70;40;50;10
12;192.4231885;38428.17989;196.0310687;45.57514009;45.57514009;42.55345835;3357.102931;57.940512;13.28730357;11.51595103;10;0.7;70;70;40;50;30
12;69.08288071;6756.034569;82.19510064;20.65261627;20.65261627;56.08029151;5635.773971;75.07179211;14.20981544;13.40997617;10;0.7;70;70;40;50;1
12;67.70022334;6774.555973;82.30769085;20.06190997;20.06190997;38.75556844;3325.33772;57.66574131;9.691938035;7.118642937;10;0.7;70;70;40;50;5
12;117.3067304;16549.40872;128.6445052;36.21366445;36.21366445;91.33915569;12823.36821;113.2403118;24.67736304;24.5589194;10;0.7;70;70;40;50;10
12;58.57555578;5375.303654;73.31646237;17.21271417;15.89308937;34.92086679;2251.082032;47.44556915;9.943006016;3.966835039;10;0.7;70;70;40;50;30
12;17.6536584;632.5677616;25.15089982;6.772964153;5.533176664;50.77933398;4637.83588;68.10165842;11.856303;10.70338218;10;0.7;70;70;40;50;1
12;47.13224279;2579.413631;50.78792801;18.71969889;18.40587813;61.09027467;5324.810837;72.97130146;15.86876163;14.01150244;10;0.7;70;70;40;50;5
12;26.1746729;1096.153491;33.10820882;10.13717609;9.3058598;50.9867051;4396.138457;66.30338194;12.418821;9.694600199;10;0.7;70;70;40;50;10
12;33.82511556;1501.71582;38.75197827;14.57814951;-12.77482907;41.71124847;2760.266209;52.53823569;11.20478741;0.731135318;10;0.7;70;70;40;50;30
13;60.66135773;8551.945778;92.47673101;11.28561307;10.72073893;34.21226427;1916.069936;43.77293611;11.74366311;-3.93193497;5;0.7;400;500;8;10;1
13;52.93552114;7189.170855;84.78897838;9.735920984;9.450926687;32.28821364;1763.406279;41.9929313;10.91737881;-2.306137549;5;0.7;400;500;8;10;5
13;45.26039836;4886.823851;69.9058213;8.403306896;8.066191967;32.10127383;1717.313965;41.44048703;10.85162363;-2.951020395;5;0.7;400;500;8;10;10
13;36.8529951;3550.059797;59.58237824;6.804926116;3.660646266;33.47541964;1941.51807;44.06266072;11.22952315;-5.22823833;5;0.7;400;500;8;10;30
13;45.34102936;2224.629505;47.16597826;10.87957387;8.420394663;39.2211355;2498.798038;49.98797894;13.14333079;-0.884760863;5;0.7;400;500;8;10;1
13;41.80349528;1958.311472;44.25281316;9.99837062;8.436002415;37.47175395;2231.543617;47.23921693;12.64293605;-1.533422729;5;0.7;400;500;8;10;5
13;13.63241557;332.6442721;18.2385381;3.335549321;-0.194001975;38.04992391;2434.393155;49.33956987;12.833153;-2.456118938;5;0.7;400;500;8;10;10
13;41.1733668;2092.396549;45.74272126;9.878742022;7.841944937;37.14110128;2304.470029;48.00489589;12.54721027;-1.908135153;5;0.7;400;500;8;10;30
13;48.18938944;3448.111505;58.72062248;12.05701807;-10.86375442;38.19208535;2466.724791;49.66613324;12.39631126;-0.152139441;5;0.7;400;500;8;10;1
13;80.26145864;7592.885007;87.13716203;19.67773199;-19.67773199;41.09761811;2982.264673;54.61011512;13.32085632;0.150606838;5;0.7;400;500;8;10;5
13;74.82477692;7390.545641;85.96828276;18.52307078;-18.35293372;39.58397511;2770.627051;52.63674621;13.16158077;-1.827016274;5;0.7;400;500;8;10;10
13;166.1536755;29669.2729;172.247708;39.20672006;39.08007153;37.14779819;2414.499512;49.13755704;12.95070686;-4.143544484;5;0.7;400;500;8;10;30
13;76.7617749;8315.759338;91.19078538;23.31504404;12.42405029;37.47494538;2204.685235;46.9540758;10.98647139;2.697553529;5;0.7;400;500;8;10;1
13;75.96911016;8705.508915;93.30331674;22.81055241;14.47905647;38.615436;2546.81894;50.46601767;11.05725862;4.40742351;5;0.7;400;500;8;10;5
13;67.53775579;6232.508231;78.94623633;20.8297599;9.386716814;33.05690888;1803.388869;42.4663263;10.06675512;3.220417401;5;0.7;400;500;8;10;10
13;47.07643397;3300.111985;57.44660116;14.39111923;7.23337721;39.29451737;2441.550431;49.41204742;11.79025127;2.745778695;5;0.7;400;500;8;10;30
13;24.20124146;952.3187063;30.85966147;9.586941893;1.986135499;45.82030767;3688.361348;60.73188082;11.59314769;5.327038535;5;0.7;400;500;8;10;1
13;26.21707041;1100.13911;33.168345;10.83948588;-4.447255594;48.68162362;3996.884613;63.22091911;12.71134977;1.68470059;5;0.7;400;500;8;10;5
13;30.75667104;1398.772879;37.40017218;13.05706959;-9.256308246;42.26621051;3312.737178;57.5563826;11.06104146;2.470525677;5;0.7;400;500;8;10;10
13;35.43863261;1413.187049;37.59238019;14.82867453;-8.59444529;44.86501767;3723.914244;61.02388257;12.01423916;1.622585177;5;0.7;400;500;8;10;30
14;45.09724752;4666.401693;68.31106567;8.487868219;2.673122284;37.39696387;2272.088007;47.66642432;12.63377156;-4.777676446;3;0.2;400;300;50;70;1
14;47.52353973;3449.652867;58.73374556;9.385459286;-1.026421216;36.1920878;2195.680133;46.85808504;12.05651234;-5.135687748;3;0.2;400;300;50;70;5
14;37.41070943;4288.412341;65.48597056;6.76822391;5.440044145;32.81481944;1834.10962;42.82650605;11.02341534;-2.939260861;3;0.2;400;300;50;70;10
14;38.50246653;3685.537842;60.7086307;7.109642659;6.444123706;32.61902362;1886.281918;43.43134719;11.2254404;-4.344946277;3;0.2;400;300;50;70;30
14;71.48489583;5605.663945;74.870982;17.05537871;16.21903199;38.51939974;2425.155867;49.24587157;12.75306671;-0.073585343;3;0.2;400;300;50;70;1
14;37.34879761;1599.51302;39.99391229;8.956435533;6.614299288;41.92363654;2697.857447;51.94090341;14.30251103;-4.210588682;3;0.2;400;300;50;70;5
14;12.63088298;266.0029011;16.30959537;3.043168327;0.480085785;39.91978089;2565.572609;50.65148181;13.46110088;-2.206633044;3;0.2;400;300;50;70;10
14;33.6753419;1677.630518;40.95888815;8.073964293;4.823549447;41.69550217;2755.100657;52.48905274;14.31845741;-3.029761213;3;0.2;400;300;50;70;30
14;51.22398346;4085.235198;63.91584466;12.84764292;-11.02586091;44.52737619;3347.652772;57.858904;14.4750468;-1.064973376;3;0.2;400;300;50;70;1
14;98.27126953;11313.12478;106.363174;23.79992948;-23.79992948;42.57059425;3070.086003;55.4083568;14.15789575;-2.722214149;3;0.2;400;300;50;70;5
14;64.5368044;5894.210824;76.77376391;16.12059329;-15.93337667;41.16735108;2830.782906;53.20510226;13.61353987;-0.748025882;3;0.2;400;300;50;70;10
14;165.3952286;29742.22019;172.4593291;39.00301966;38.40405971;40.198263;2760.515905;52.54061195;13.75424866;-1.146013986;3;0.2;400;300;50;70;30
14;82.34646952;10003.32625;100.0166299;24.70756844;16.30718953;36.37366332;2166.631922;46.5470936;10.57616167;5.030182183;3;0.2;400;300;50;70;1
14;60.538405;6911.098479;83.13301678;17.61120186;9.936171655;36.00748157;2100.914611;45.83573509;10.64397724;5.284715503;3;0.2;400;300;50;70;5
14;58.00192307;5521.004826;74.30346443;17.49973901;6.2387549;39.54340265;2550.676669;50.50422427;11.46003388;5.93146321;3;0.2;400;300;50;70;10
14;44.56745473;2790.508197;52.82526097;14.14187216;2.807138322;39.33511017;2410.226894;49.0940617;11.94882744;2.554154459;3;0.2;400;300;50;70;30
14;28.60478378;1154.588728;33.97923967;11.67643755;-3.251032176;45.66631538;3850.004888;62.04840762;12.34355241;0.893222319;3;0.2;400;300;50;70;1
14;31.85858363;1665.518419;40.81076352;12.38790491;5.097830257;50.14779948;4473.362996;66.88320414;13.06256684;5.140266474;3;0.2;400;300;50;70;5
14;20.95029348;643.8514604;25.37422827;8.420670386;0.021825893;47.05003917;4252.770703;65.21327091;12.38049832;0.897382201;3;0.2;400;300;50;70;10
14;25.54710988;1109.731988;33.31264007;9.854977157;6.32982796;45.74379958;3893.197001;62.39548863;12.2626671;4.244311643;3;0.2;400;300;50;70;30
15;45.40538869;6159.176833;78.48042325;8.218285381;6.874125226;33.51285265;1934.556948;43.98359862;11.28171827;-3.661215084;3;0.7;100;1000;70;40;1
15;48.22712453;6189.450754;78.67306244;8.820696095;8.621066585;32.00085907;1738.81181;41.69906246;11.09228578;-4.484290836;3;0.7;100;1000;70;40;5
15;45.28387889;5053.36778;71.08704369;8.362566234;8.141160741;32.07661489;1770.148693;42.07313505;10.97575099;-3.755328731;3;0.7;100;1000;70;40;10
15;53.07833964;5740.173021;75.76392955;10.0083565;9.792252697;30.41285665;1599.481458;39.99351769;10.44441635;-4.928204857;3;0.7;100;1000;70;40;30
15;48.88817952;2598.56902;50.97616129;11.67249779;10.61684099;36.85250002;2182.827438;46.72073885;12.29440635;-0.93529706;3;0.7;100;1000;70;40;1
15;57.6929479;3716.527728;60.96333101;13.75167122;13.16257318;37.74452829;2246.654697;47.39888919;12.86331741;-2.143133498;3;0.7;100;1000;70;40;5
15;34.83857066;1418.369801;37.66125065;8.30497164;7.318280643;35.87027597;2151.195464;46.38098171;12.07984485;-1.527846114;3;0.7;100;1000;70;40;10
15;52.48645121;3266.833376;57.15621905;12.53409906;11.73810558;37.50076233;2157.442491;46.44827759;13.07625777;-3.367514745;3;0.7;100;1000;70;40;30
15;34.45358541;1941.804573;44.06591169;8.695789712;-7.979674157;40.24001261;2744.544431;52.38839977;12.92627877;0.791979146;3;0.7;100;1000;70;40;1
15;56.06101959;3932.633644;62.71071395;13.85800871;-13.80672447;39.07870975;2614.310516;51.13032873;12.77068599;-0.074213859;3;0.7;100;1000;70;40;5
15;45.91288645;3146.126803;56.090345;11.47829533;-10.33826131;41.50966038;2879.920505;53.6648908;13.5650478;1.563804746;3;0.7;100;1000;70;40;10
15;172.4546551;32433.55205;180.093176;40.58949284;40.3426723;38.63411113;2504.592217;50.0459011;13.19297455;-0.158598066;3;0.7;100;1000;70;40;30
15;50.91831904;3994.493232;63.20200339;16.03988465;3.327388772;39.70324925;2759.582797;52.53173133;10.97845986;6.543151496;3;0.7;100;1000;70;40;1
15;53.0957491;5333.976655;73.03407872;15.4860226;12.49542391;40.92099678;2993.171283;54.70988286;11.09540005;9.191917841;3;0.7;100;1000;70;40;5
15;50.22599828;4836.70817;69.54644613;14.63009462;11.89053921;39.471078;2671.346797;51.68507325;11.04883729;8.467897451;3;0.7;100;1000;70;40;10
15;51.6763504;4082.450433;63.89405632;15.45331308;11.09818655;39.23489053;2662.346333;51.59792954;11.13979135;5.043651425;3;0.7;100;1000;70;40;30
15;19.83341451;774.5725522;27.83114357;7.629474144;3.897959514;44.14145295;3516.382031;59.29908963;11.52168151;5.167102188;3;0.7;100;1000;70;40;1
15;24.79055013;903.7556656;30.06252926;9.955145118;-0.803513266;43.04143409;3510.627529;59.25054877;11.02952457;4.410834451;3;0.7;100;1000;70;40;5
15;34.57403656;1653.811187;40.66707744;14.89299205;-13.69162697;45.4950971;3619.981136;60.16627906;11.9019197;2.041634716;3;0.7;100;1000;70;40;10
15;22.69700231;709.0434958;26.62787066;9.132688565;-0.894893203;45.36275328;3674.063943;60.61405731;11.55897762;4.745938907;3;0.7;100;1000;70;40;30
16;63.40034892;8169.768709;90.38677286;11.96078195;11.90134753;33.21198738;1729.673945;41.58934894;11.34365818;-3.440800319;5;0.2;300;70;80;70;1
16;41.24951843;5019.867532;70.85102351;7.484657529;6.187526869;32.25493506;1649.83882;40.61820799;10.95300735;-3.598294224;5;0.2;300;70;80;70;5
16;41.61964661;4258.863357;65.25996749;7.693430303;7.185082162;28.95572705;1343.049488;36.64763959;9.721471228;-2.388514117;5;0.2;300;70;80;70;10
16;75.38125509;8264.437676;90.90895267;14.80274163;14.80274163;31.0897626;1525.953646;39.06345665;11.07771525;-5.429279072;5;0.2;300;70;80;70;30
16;62.57391917;4476.317242;66.90528561;14.89101156;14.72820148;35.29120949;2128.76024;46.13848978;11.34555564;0.979079216;5;0.2;300;70;80;70;1
16;61.96716746;4347.521157;65.93573505;14.77819198;13.84052651;35.48537822;1910.44275;43.70861186;11.67470347;1.082506352;5;0.2;300;70;80;70;5
16;30.89586029;1081.118804;32.88037111;7.38960828;6.383274115;36.85161443;2152.870613;46.39903677;12.16167698;0.891451526;5;0.2;300;70;80;70;10
16;25.19671275;773.8940078;27.81895052;5.990823716;5.625748917;40.38407002;2577.321515;50.76732724;13.48641514;-1.594782157;5;0.2;300;70;80;70;30
16;50.32221303;2895.637652;53.81112944;12.24520901;-12.24520901;42.35049097;2999.992732;54.7721894;13.08191225;2.47679437;5;0.2;300;70;80;70;1
16;66.76313629;5382.948337;73.36857868;15.69987133;15.64048157;45.76006198;3872.625359;62.23042149;13.77707354;7.372051901;5;0.2;300;70;80;70;5
16;42.97049713;2836.041211;53.25449475;10.19692739;10.10262742;40.61838717;2651.356967;51.49132905;13.47826382;-1.925920374;5;0.2;300;70;80;70;10
16;168.147839;30346.45343;174.2023347;39.79599416;39.76407618;49.42455618;3883.627731;62.31875906;16.42296071;-0.441713243;5;0.2;300;70;80;70;30
16;76.29972748;9046.480583;95.11298851;22.44970963;20.73767032;37.0392281;2153.171416;46.40227814;10.67620507;3.585970846;5;0.2;300;70;80;70;1
16;79.66513301;10139.79461;100.6965472;23.33908979;22.09983768;54.62196738;5489.498745;74.0911516;14.02292844;9.071143318;5;0.2;300;70;80;70;5
16;72.83204549;8004.931771;89.47028429;21.73764048;16.82348182;42.20689346;2787.000236;52.79204709;12.20283271;2.601040351;5;0.2;300;70;80;70;10
16;50.8698322;3891.405069;62.38112751;15.12337883;12.84775575;48.54920719;4231.297175;65.04842177;13.42847166;7.120825513;5;0.2;300;70;80;70;30
16;24.11802307;675.1361272;25.98338175;9.976906679;-4.074198946;57.9797267;5660.861153;75.23869452;13.97700238;7.106084556;5;0.2;300;70;80;70;1
16;24.07590729;658.374185;25.65880327;10.02493632;-4.710463672;45.29323622;3228.412068;56.8191171;11.4372871;2.786705961;5;0.2;300;70;80;70;5
16;18.96244573;479.9007344;21.90663677;7.731792417;-1.540752312;61.89933734;6123.91528;78.25544888;15.42647117;6.16334403;5;0.2;300;70;80;70;10
16;23.86433945;718.5371731;26.8055437;10.2241846;-7.707514659;47.09804972;3432.875528;58.5907461;12.58588221;0.862000555;5;0.2;300;70;80;70;30
17;75.40643921;8146.271049;90.25669531;14.79906086;14.79906086;24.66875289;1013.680639;31.8383517;8.374836162;-1.000992477;5;0.7;40;120;100;20;1
17;62.90317078;6466.906427;80.41707796;12.15762485;12.15762485;25.7955865;1147.386968;33.87310095;9.114162434;-4.163964355;5;0.7;40;120;100;20;5
17;101.3340164;13509.67394;116.2311229;20.0955017;20.0955017;27.73761553;1221.59908;34.95138166;8.907764883;1.260942403;5;0.7;40;120;100;20;10
17;73.17481486;8038.415738;89.65721241;14.31062674;14.31062674;25.59294169;1226.755224;35.02506566;8.127550312;0.644073923;5;0.7;40;120;100;20;30
17;14.00871246;253.449763;15.92010562;3.337900347;2.651931206;27.18342266;1274.85684;35.70513745;9.204254073;0.048485155;5;0.7;40;120;100;20;1
17;14.11729411;266.8391128;16.33521083;3.380114426;2.480442021;29.26880599;1433.05267;37.85568214;9.755707028;1.225547156;5;0.7;40;120;100;20;5
17;16.25834554;480.7226121;21.92538739;3.857325133;2.973509961;30.81927746;1590.1036;39.87610312;9.97223557;2.131094913;5;0.7;40;120;100;20;10
17;32.51908966;1407.054364;37.51072332;7.779042902;6.34239769;45.17911211;3720.720905;60.99771229;14.11689255;10.47906982;5;0.7;40;120;100;20;30
17;28.20623962;1347.37894;36.70666071;7.08561049;-5.794142236;31.99527515;1757.583242;41.92354043;10.37310241;2.344019736;5;0.7;40;120;100;20;1
17;59.30681458;4766.789585;69.04194077;13.71137645;13.4993835;48.96228367;4808.009467;69.33981156;14.12138901;12.92407316;5;0.7;40;120;100;20;5
17;52.44464783;3874.636728;62.24658005;12.13836503;9.479565782;39.14332872;2749.117719;52.43202951;12.1071606;6.553052543;5;0.7;40;120;100;20;10
17;193.392365;38999.95824;197.4840708;45.78281753;45.78281753;39.14954042;2489.42877;49.89417571;12.78571932;9.000378904;5;0.7;40;120;100;20;30
17;53.47775696;4161.334995;64.50841026;16.75689197;16.49337043;47.55613466;3669.688709;60.57795563;12.88236191;12.54649263;5;0.7;40;120;100;20;1
17;76.14977448;8151.823096;90.28744706;22.80013118;22.80013118;58.72138847;6939.602014;83.30427369;14.25741697;13.21441185;5;0.7;40;120;100;20;5
17;67.80613017;6944.525869;83.33382188;20.00691601;19.96392339;38.60750476;2978.875909;54.57907941;9.941551384;6.906586949;5;0.7;40;120;100;20;10
17;91.88452764;10904.97937;104.4269092;27.95020062;27.95020062;62.4730852;7720.688568;87.86744885;16.3609354;15.62501193;5;0.7;40;120;100;20;30
17;17.57488653;509.5011162;22.57213141;6.984397157;0.841479571;51.5017685;4424.102998;66.51393086;12.32230312;8.652556604;5;0.7;40;120;100;20;1
17;18.56778615;523.2761067;22.87522911;7.427430596;0.219605108;53.46937459;4928.032824;70.19994889;12.75296793;8.84975457;5;0.7;40;120;100;20;5
17;17.90596812;731.4673451;27.04565298;6.805090852;5.186198766;52.61461945;4732.473125;68.79297293;12.57658229;8.914987352;5;0.7;40;120;100;20;10
17;17.55901103;561.1685917;23.68899727;6.887534774;1.88203705;62.36587988;7078.533191;84.13401922;14.44479725;11.31923356;5;0.7;40;120;100;20;30
18;30.26966695;2236.311351;47.28965375;5.610056268;5.047013303;13.60219012;325.3667919;18.03792649;4.514763914;-2.203097157;30;0.1;90;50;35;100;1
18;49.97738647;4644.469184;68.15034251;9.525851545;9.525851545;13.82615716;344.8288634;18.56956821;4.86351547;-2.803363557;30;0.1;90;50;35;100;5
18;52.47875061;4255.52754;65.23440457;10.25867812;0.049960637;17.75370264;484.7567081;22.01719119;6.043656868;-4.560224358;30;0.1;90;50;35;100;10
18;96.39850413;14655.50345;121.0599168;18.73922275;18.73922275;19.80734145;690.5640863;26.27858608;5.901504665;2.323269194;30;0.1;90;50;35;100;30
18;16.44575653;345.2131921;18.57991367;3.962809574;2.712053546;14.38381938;382.0403781;19.54585322;5.078312621;-1.724714291;30;0.1;90;50;35;100;1
18;36.15162425;2179.073321;46.68054542;8.582596623;8.582596623;15.95984646;461.3976459;21.48016867;5.477849442;-1.041786996;30;0.1;90;50;35;100;5
18;29.88038483;1851.586253;43.0300622;7.052552471;5.54070299;22.97011571;803.6263866;28.34830483;7.908085174;-4.220328157;30;0.1;90;50;35;100;10
18;70.62313049;6091.407361;78.04746864;16.8944825;16.8944825;19.25444869;588.2409532;24.25367917;6.563175408;2.98475644;30;0.1;90;50;35;100;30
18;37.44801188;2135.892538;46.21571743;8.897160996;2.02767027;16.6667778;511.5154548;22.61670743;5.73250663;-3.792493888;30;0.1;90;50;35;100;1
18;121.1329045;15428.32334;124.210802;28.78789695;28.78789695;17.2215848;492.0011313;22.18109851;5.851755162;4.263429245;30;0.1;90;50;35;100;5
18;118.3752624;15681.11097;125.2242427;27.94603876;27.94603876;10.35782956;198.4090465;14.08577462;3.733660225;-1.308542265;30;0.1;90;50;35;100;10
18;174.4555424;32281.93364;179.6717386;41.36432535;41.36432535;14.6469256;336.4787243;18.34335641;5.254760648;3.102256592;30;0.1;90;50;35;100;30
18;51.69022385;4270.510524;65.34914326;15.79100733;15.66570241;27.26160676;1879.647547;43.35490223;6.912875197;-3.778072231;30;0.1;90;50;35;100;1
18;65.29467209;6724.388818;82.00237081;19.27030895;18.38093075;25.24167404;1556.333095;39.45038776;6.723367701;-2.932283876;30;0.1;90;50;35;100;5
18;51.46904399;4264.599032;65.30389753;15.13927509;15.05264704;27.23020123;1859.616525;43.12327127;7.39121655;-4.521993888;30;0.1;90;50;35;100;10
18;62.6021109;5935.133602;77.03981829;18.52985744;18.51928166;27.51781592;1606.1264;40.07650684;8.079700724;-1.557929866;30;0.1;90;50;35;100;30
18;26.84902669;1020.059466;31.93836981;11.26788031;-10.8581769;15.75844761;410.7940272;20.26805435;4.420317132;0.874502812;30;0.1;90;50;35;100;1
18;28.61113047;962.9569539;31.03154772;11.46733941;10.67676793;21.77300542;684.6840144;26.16646737;6.530430683;2.862852738;30;0.1;90;50;35;100;5
18;22.99118195;681.5806207;26.10709905;9.322611788;8.255869905;39.38724812;2856.239885;53.44380118;9.76744683;-6.016561544;30;0.1;90;50;35;100;10
18;57.21363571;3611.144027;60.09279513;23.08772638;22.75972161;28.95662165;1152.430952;33.94747343;8.725333514;1.588788501;30;0.1;90;50;35;100;30
19;57.93115031;6489.59505;80.55802288;10.98936065;10.90653966;26.75893711;1159.890688;34.05716794;9.261275698;-3.794447825;1;0.1;20;150;8;100;1
19;54.05689748;6326.803985;79.54120935;10.12297337;10.10570392;28.51949122;1459.656839;38.20545561;9.768826794;-2.936889455;1;0.1;20;150;8;100;5
19;43.71539235;4324.76327;65.76293234;8.152963811;7.938197486;29.40163196;1439.99065;37.94720872;10.08596573;-3.525785109;1;0.1;20;150;8;100;10
19;91.12659149;10932.11461;104.5567531;18.08936653;18.08936653;29.36145737;1325.921628;36.41320678;9.873662507;0.835611819;1;0.1;20;150;8;100;30
19;35.889033;1653.24757;40.6601472;8.554871719;7.546667773;33.02209847;1693.971477;41.15788475;11.00951247;0.320088337;1;0.1;20;150;8;100;1
19;13.55013102;285.4235986;16.89448426;3.273183565;-0.808677078;35.56541494;1990.040381;44.60986865;12.23013942;-3.675319596;1;0.1;20;150;8;100;5
19;14.2670992;362.3604387;19.03576735;3.398680312;1.579684306;35.83550111;2131.75288;46.17090946;11.76095468;0.591902645;1;0.1;20;150;8;100;10
19;32.20936381;1305.134039;36.12663891;7.686344242;7.620541271;37.63178391;2255.281904;47.48980842;12.32040396;1.880051712;1;0.1;20;150;8;100;30
19;21.62007375;677.6169265;26.03107617;5.368681456;-4.172173132;40.17998441;2604.405389;51.03337525;13.0834568;-0.078464014;1;0.1;20;150;8;100;1
19;60.73466929;5038.828674;70.98470733;14.97514548;-14.62284155;37.46169832;2364.149495;48.62252045;11.9636109;-0.720270599;1;0.1;20;150;8;100;5
19;42.58213216;3061.513017;55.33094086;10.72850804;-9.660766128;40.8867275;3116.886147;55.82907976;12.35025684;4.643117093;1;0.1;20;150;8;100;10
19;153.3382888;25768.82402;160.5267081;36.12912539;36.12912539;38.5739704;2402.691821;49.01726044;13.0627064;0.50498762;1;0.1;20;150;8;100;30
19;42.80394653;3129.08759;55.938248;12.90991826;7.958555415;47.29914102;3769.05967;61.39266788;12.57300105;5.923610261;1;0.1;20;150;8;100;1
19;54.51112661;5052.089054;71.07804903;16.16472745;13.63275224;47.45421991;3888.426649;62.35725017;12.64028043;7.609281933;1;0.1;20;150;8;100;5
19;43.66099085;3906.811007;62.5044879;12.83870449;9.046455591;46.01747769;3593.585961;59.94652584;12.65250091;5.11226174;1;0.1;20;150;8;100;10
19;45.53344767;2882.776187;53.69149082;14.2568521;6.046440289;50.3329289;4447.22924;66.68754936;14.01419745;5.552905577;1;0.1;20;150;8;100;30
19;29.98797368;1095.125897;33.09268645;12.38312918;-5.4959965;44.43901436;3507.033347;59.22021063;11.56698835;1.436956218;1;0.1;20;150;8;100;1
19;21.65046636;864.7054126;29.40587378;8.330409712;7.257095488;50.36117303;4281.594853;65.43389682;12.51262347;5.125892967;1;0.1;20;150;8;100;5
19;20.99052358;700.3670656;26.46444909;8.388772601;1.663123248;44.62732345;3241.975203;56.93834563;11.33590603;4.348710782;1;0.1;20;150;8;100;10
19;12.17226766;256.1708583;16.00533843;4.987841737;0.495509477;46.45717388;3974.795813;63.04598174;11.60906505;2.873579528;1;0.1;20;150;8;100;30
