Hyper_id;MAE_test;MSE_test;RMSE_test;MAPE_test;MPE_test;MAE_train;MSE_train;RMSE_train;MAPE_train;MPE_train;Window;Dropout Rate;Number of Neurons (each layer);Number of Epochs; Batche Size; Prediction Window
81;38.07036242;3669.395167;50.93509392;9.289702405;1.524830237;40.0648039;2553.709091;50.3439637;13.11698763;-2.294919227;3;0.5;400;120;60;30
97;26.65558345;1375.705363;34.41296732;7.580070546;2.358445135;30.07496766;1669.409803;40.05123137;8.823151544;0.960024811;3;0.6;700;10;60;1
47;34.038382;2168.762789;45.30162772;9.504564013;-0.133248579;33.51072855;2026.851969;44.24151947;10.34201794;-0.059839785;10;0.4;200;70;15;10
53;38.41481524;3717.261518;51.15677774;9.365481002;4.41173731;37.92336726;2375.538417;48.71864458;12.22050059;-0.256041603;4;0.1;800;100;50;30
57;35.13991492;2217.407412;44.69617757;9.315120688;3.494133905;30.71956437;1704.063831;40.47679957;9.281316841;-0.365886451;1;0.2;100;20;30;5
40;32.77258291;2158.748674;43.62438586;9.772363834;-2.431818308;43.17001191;3138.572013;55.50715923;13.31786311;-0.524097692;1;0.1;700;100;15;10
57;30.64595336;1853.418006;39.32545593;8.304455226;2.512564698;28.78479465;1570.669546;38.42334274;8.460921186;0.259537423;1;0.2;100;20;30;1
45;36.2753098;2586.683011;47.07160641;9.382613312;5.458269005;28.46774552;1617.238742;38.44395873;8.83501994;-1.499442444;15;0.3;800;20;20;5
27;39.8145687;3847.90471;52.82350879;9.755943114;4.005751115;39.62853604;2557.564797;50.45111455;12.75324103;-0.013761706;2;0.1;800;150;25;30
25;39.20906396;4221.11103;52.78583644;9.731940906;4.901922784;40.96946562;2737.614619;51.40451777;12.57237809;0.104804513;4;0.1;400;10;10;5
86;34.47260733;2284.468448;45.67563031;9.824783571;0.525175021;40.96342584;2997.8656;54.07812313;12.38226955;1.195314156;4;0.3;500;100;25;10
52;36.73889135;3539.675393;49.52929834;8.694028075;5.962660254;24.69187632;1014.173343;31.39407585;7.965396101;0.849378506;15;0.6;700;10;15;1
18;40.29157413;4024.496739;53.02548288;9.937151089;3.821263409;40.01382863;2516.05885;50.01705974;13.12975924;-2.528004832;1;0.4;400;100;10;30
49;33.12629501;1954.670586;41.95387964;9.893593923;-2.493132965;40.42062771;2880.915736;53.05660173;12.24578654;0.21144371;5;0.6;700;170;50;10
37;31.35719306;1674.147499;40.04327388;9.200146907;-3.723524105;29.93037879;1434.771577;37.19214539;9.634758579;-3.894303833;4;0.4;500;10;25;1
88;35.3413235;2560.87983;46.25600022;9.317517258;0.310128232;30.37002974;1491.982414;38.59722137;9.519829399;-0.33341702;10;0.4;300;30;20;1
48;36.16742135;2486.863792;48.7800739;9.928637311;1.379713079;34.31870302;2068.625755;44.90754107;10.59571005;-0.159247364;10;0.5;400;200;20;5
37;36.84315804;2567.642118;46.77543329;9.940013093;5.024722205;39.41293665;2633.604447;50.71250871;12.25109046;-3.024900096;4;0.4;500;10;25;10
2;40.51908133;4107.497248;54.7702184;10.08492442;1.981719366;39.00554339;2472.466028;49.49073004;12.56277679;-0.136305063;3;0.5;400;85;50;30
47;36.77121721;2469.839556;47.29858516;10.19577392;0.597283935;34.85520903;2183.854783;45.94009005;10.55971572;0.726600531;10;0.4;200;70;15;1
70;39.16558496;3392.399374;52.20686608;9.960168324;4.902001279;28.38826287;1473.372272;38.01614702;8.976177211;-1.180376442;15;0.2;600;120;50;10
96;37.75826741;3160.942765;51.37045893;10.27388503;5.029479998;41.19886624;2875.14531;53.27785016;12.77924632;-0.546874504;2;0.7;300;150;20;5
79;42.63626345;4263.902346;54.38479708;10.44531494;2.282276719;38.08118552;2524.04808;49.0919282;11.29120779;2.071465903;4;0.7;700;20;25;1
16;41.41147111;3748.185155;53.218435;10.17867904;4.337016376;39.49607435;2556.383616;50.1882175;12.60268671;0.002119371;2;0.1;300;170;30;30
61;37.96672621;2744.058967;48.24044394;10.38136887;3.477227789;32.23281286;1885.83606;42.52536262;9.553814316;1.746859667;4;0.4;800;10;60;5
55;38.94893988;2680.996786;48.75263539;10.49741095;3.385158097;33.76678662;1965.465847;43.31067627;10.3054471;0.346420581;10;0.7;800;170;20;5
19;45.89617303;4533.193444;58.49448495;10.966743;5.475683966;38.19198411;2369.503557;48.25169945;12.29133152;0.383929717;2;0.2;700;85;25;30
14;43.52416407;4711.099553;56.05321248;10.74993306;3.532529928;30.29739936;1621.278393;39.86583022;9.573660731;-0.334810732;10;0.7;100;30;20;1
39;34.4095192;2436.689627;46.46868919;10.03858548;-0.529746034;41.31466265;2980.523015;53.64630263;12.6673448;0.638118875;2;0.6;700;150;30;10
49;37.33522287;2761.195705;48.7349207;10.60768366;1.858728593;40.48979956;2787.131463;52.44337869;12.31058059;0.475898177;5;0.6;700;170;50;5
69;42.18280366;3799.904194;54.10439839;10.80671914;4.278094439;29.38624862;1557.153564;39.13949253;9.347452143;-0.932105791;15;0.2;500;200;50;1
24;43.66744179;5563.031624;57.54820308;10.30221536;9.039526972;22.58546512;841.7990755;28.99225101;7.428811414;-1.746592078;20;0.5;200;50;50;10
43;38.34643688;2752.314769;50.45660907;10.76324885;-0.235682303;39.63085737;2669.595986;51.09518691;12.14182317;0.461023456;4;0.3;300;200;50;5
4;45.64300584;4746.793267;58.52225195;11.48373114;2.626112632;38.97349285;2405.155993;48.8704951;12.68617209;-1.583206377;4;0.6;800;50;25;30
83;49.88214468;5705.022826;61.92377029;11.59207849;5.87295178;41.8771502;3047.571263;53.94910502;13.43991506;-2.328317087;4;0.5;800;20;10;30
84;45.44509953;4615.147051;59.59508058;11.87201414;2.10714219;37.98562267;2356.243609;48.52753528;12.33979484;-0.0935859;5;0.6;700;85;30;30
42;38.61662609;2671.490249;50.5137275;10.94423873;-0.833498994;34.72058298;2032.562868;44.66884573;10.61729891;0.598539363;10;0.2;100;70;60;5
86;40.7457966;2701.667136;50.79744832;11.19746045;0.50359317;40.52024315;2798.724791;52.31353832;12.52140921;-0.485349424;4;0.3;500;100;25;1
86;38.51171147;2768.435559;49.67770368;10.95364042;-2.421129602;40.02893793;2776.491753;52.40154763;12.22356112;-0.52572301;4;0.3;500;100;25;5
82;51.42049405;5910.754457;64.99228182;12.21017541;7.155469306;40.75281352;2705.54004;51.66225409;12.97474206;-0.047004334;1;0.7;300;120;10;30
96;36.66018623;2888.411746;48.77600312;10.35611282;0.894516536;40.22619569;2727.349394;51.76989862;12.50127657;-0.562475012;2;0.7;300;150;20;10
92;38.99607324;2594.420072;48.62832846;11.00067062;0.565757077;28.90659648;1503.554817;38.46173601;9.078185746;-0.437232115;15;0.5;500;100;40;5
89;38.65078731;2740.789835;48.48552931;10.58641705;2.837985692;33.22729775;2133.48156;45.06843068;10.47018737;-0.079420209;10;0.3;500;30;10;10
92;39.3418837;2657.165909;48.94620895;10.62076366;2.285531664;28.82974582;1484.918011;37.85217006;8.948744482;-0.364321798;15;0.5;500;100;40;10
47;41.05601237;2894.259152;52.03686339;11.17834147;4.032482994;33.72972219;1961.644367;43.72560519;10.24871298;0.781060778;10;0.4;200;70;15;5
51;45.97325918;4829.476882;57.21232548;11.23912818;3.934044165;26.11580831;1218.679617;34.08390621;8.097822858;0.434526717;15;0.7;700;20;40;1
24;48.57001446;5545.750907;60.70529073;11.51476508;8.219123649;22.89864661;948.3354411;30.3917819;7.167742267;0.300743556;20;0.5;200;50;50;1
76;47.51295234;5434.066111;61.94977775;11.21157782;8.803983527;22.01943652;870.4014669;29.27413358;6.989299832;0.046537898;20;0.6;300;170;20;5
24;47.82753502;5725.350181;61.53940705;11.23412871;8.184089707;22.33268535;881.9766483;29.2036423;7.004508954;1.201724703;20;0.5;200;50;50;5
11;46.80940433;5305.695825;59.34362045;11.23938612;6.952552607;22.7563729;937.4227201;30.36555452;7.228530177;-0.200869266;20;0.1;700;85;60;5
9;52.28303939;6479.83701;68.08952909;12.27329274;8.92995507;43.23442421;2865.359459;53.29987806;13.95811457;-1.65924501;1;0.2;300;30;30;30
3;49.77511569;4621.523589;61.95302518;12.83637307;2.213360406;39.56543767;2581.875448;50.31312862;12.64792964;0.311888964;4;0.4;700;50;50;30
91;39.33084683;2863.546607;51.72964139;11.26325376;0.786212094;42.16058647;3061.218317;54.84818808;12.91026802;-0.114687462;1;0.3;700;170;60;5
20;40.80291349;2995.443257;52.16917599;11.29766962;0.242889938;39.91561715;2718.055671;51.76017266;12.28084212;0.161401366;4;0.3;500;100;20;5
33;36.58071811;2453.120191;47.73998181;10.63904386;-2.199930628;39.4417138;2707.93876;51.5093931;12.18412774;-0.315712549;5;0.4;200;200;25;10
6;54.87208257;6602.430662;69.2875898;12.88546268;9.158903982;42.42794394;2785.391719;52.6425561;13.74320063;-0.874012787;1;0.3;200;50;60;30
30;56.84829357;6874.031194;71.35554754;13.73031735;8.639586452;42.06448214;2798.553235;52.76490879;13.44925932;0.868173462;1;0.4;600;50;50;30
74;42.55260128;4067.52311;55.9095189;10.73774326;5.988938127;28.60070935;1539.522863;38.83893904;8.953265657;-0.717623593;15;0.6;100;200;25;10
15;45.57545863;5273.027076;59.81279047;11.29828802;6.071406961;7.739344238;108.3810526;10.32171292;2.516867324;-0.16838879;30;0.3;400;170;25;5
33;41.66749598;2823.205209;52.02743098;11.56539935;-0.92562315;38.95825577;2631.130315;50.7593911;11.93246759;0.304291712;5;0.4;200;200;25;1
49;40.62473247;2718.996733;50.55460267;11.58850801;-0.844208325;39.11172341;2570.715343;50.30645653;12.1037655;-1.261162296;5;0.6;700;170;50;1
43;43.62389645;3371.315254;55.72975847;11.60200043;0.424120894;39.58797213;2603.882709;50.61577519;12.15476169;0.17096597;4;0.3;300;200;50;1
44;40.87311787;3026.954424;52.77312408;11.66749729;0.147566197;28.99990444;1475.613656;37.99623998;8.982276996;0.398787424;15;0.3;600;100;20;1
85;40.53092027;2984.988605;51.94435554;11.49613837;-0.205219687;39.6027165;2716.468649;51.92773862;12.28210678;-0.363159325;4;0.1;100;120;10;5
67;40.38823026;3798.772373;52.61785122;10.74340254;3.659193826;41.74846175;2954.055326;53.91745855;12.82184264;0.056048078;1;0.6;800;85;15;10
82;42.68788451;4755.42743;54.87584877;10.74797542;5.181016116;39.34935167;2659.087947;51.38874629;12.36877578;-0.918467657;1;0.7;300;120;10;10
96;42.38058427;3246.137851;53.91671013;11.89936179;3.151029457;40.75758585;2776.156169;52.28318212;12.58077417;-0.277352477;2;0.7;300;150;20;1
43;37.20998893;2526.184307;47.72955291;10.8102748;-2.076948349;39.85361899;2735.464975;51.82645369;12.33813018;-0.697114673;4;0.3;300;200;50;10
21;54.62846908;6951.077862;64.97686107;13.99231684;12.28582573;23.34094794;1079.970639;32.5670093;7.5198052;-1.397070073;40;0.1;400;30;15;30
33;41.48890897;3215.796062;53.44992938;11.52770421;-0.552816115;39.0259613;2596.461233;50.53546124;12.06648895;-0.256259661;5;0.4;200;200;25;5
8;45.37844149;3927.315126;55.58250998;11.90521444;1.432666439;15.60711347;423.1058563;20.16106713;5.289830676;-3.165670536;30;0.5;800;20;50;1
15;48.62206963;5338.884512;61.85329689;12.06468019;7.281822922;8.079390467;119.2618431;10.82132934;2.647369516;0.758404354;30;0.3;400;170;25;1
60;38.73015565;2764.615395;49.76493814;10.82265675;1.400110271;33.06324102;1976.855582;44.07389573;10.28186796;0.431413056;10;0.7;500;120;60;10
74;45.0768795;4268.971823;56.50687262;11.57641333;6.382874317;29.33330775;1585.126237;39.14658031;9.129042909;0.419727774;15;0.6;100;200;25;5
25;58.42809116;7595.743806;73.66422994;14.05362799;8.599489349;35.21240126;2059.041852;45.17997158;11.27716176;0.813958311;4;0.1;400;10;10;30
63;57.94485519;7437.030403;68.76482352;14.36931076;12.89699574;23.22912733;1042.027355;32.05592625;7.472136124;-2.165089318;40;0.2;200;70;40;30
31;56.77309685;6477.552866;72.125003;14.97585813;2.813614546;33.34413356;1915.23776;43.67533151;10.796299;-0.494775165;10;0.3;100;200;30;30
11;48.73236104;5054.850177;62.01961083;12.09400263;5.100421466;23.53667934;985.9773462;31.12709672;7.497349441;-0.109768177;20;0.1;700;85;60;1
55;43.30678017;3175.500303;55.30262337;12.11927169;-1.461852103;34.29559026;2100.806083;45.17900662;10.66200829;-0.540784951;10;0.7;800;170;20;1
59;43.0917518;3119.930074;53.49640661;12.20230755;-1.972382485;27.82210992;1426.323706;37.32927052;8.443665563;0.554841923;10;0.6;100;20;60;1
69;42.40103986;3758.643643;55.6578573;10.86624587;5.194396979;29.10641385;1560.771994;39.10929719;9.143477477;-0.571178116;15;0.2;500;200;50;10
61;42.02201428;2941.788166;51.49188909;10.88634124;5.863617253;35.47883782;2506.403636;47.90369159;11.03711853;-2.781494777;4;0.4;800;10;60;10
40;58.11224977;7149.333464;66.45920817;15.01474972;5.804254506;41.58633819;2930.463675;53.57942376;12.96147268;0.075105243;1;0.1;700;100;15;30
52;45.77436453;4604.498874;59.10821821;11.57942633;2.182897409;29.34093404;1553.69977;38.60126445;8.880215891;1.583004448;15;0.6;700;10;15;5
39;42.35284279;3478.556261;54.27712425;11.72791483;0.725196898;41.6768053;2979.823896;54.22891134;12.68101863;0.53218684;2;0.6;700;150;30;5
61;42.56148565;2895.65436;50.86986822;12.23328187;-4.644805673;28.14268878;1445.146574;36.89822054;8.533402172;-1.040766612;4;0.4;800;10;60;1
91;55.61372579;6761.329477;65.86157828;15.04572558;4.255107016;43.4722619;3142.291397;55.65376511;13.49475503;-1.331101507;1;0.3;700;170;60;30
20;44.81576354;3309.063401;55.56411393;12.36704466;-1.982613877;40.77459939;2864.163175;53.05032823;12.47663988;0.263064994;4;0.3;500;100;20;1
17;47.30982993;5695.180134;62.29946495;11.21918981;7.250901716;21.55399824;865.9872913;29.37109869;6.862040039;0.236804752;20;0.5;100;150;20;10
62;59.90206472;7403.226587;73.2508511;15.2707448;13.19140121;19.15153907;689.3315186;26.1549222;6.286071262;-0.492838951;40;0.2;100;20;60;30
71;42.29723952;3582.850599;54.83468568;11.24999868;4.843785764;34.17391849;2090.672815;45.15025482;10.66725437;-0.018964708;10;0.4;800;70;40;10
71;45.04490096;4034.603208;57.05493991;11.75451648;5.347935615;34.02682665;1946.933576;43.83186048;10.73930077;-0.875287646;10;0.4;800;70;40;5
22;36.32451556;2694.489076;48.24072235;11.28599867;-3.459247095;42.40286208;2967.969422;54.13519676;13.09971807;-0.796441944;2;0.5;700;50;20;10
54;48.59457307;5289.175262;61.49251797;12.49162603;5.163796763;6.165556548;71.80139622;8.417431501;2.067199474;-0.52942633;30;0.1;700;170;40;1
90;61.1265016;7641.986993;74.06899647;15.36300729;14.36984797;21.88381315;992.5807057;31.29794406;7.110512922;-0.918028899;40;0.7;500;170;60;30
57;43.69701295;3397.01558;53.31977095;11.30029397;6.032639763;37.35106739;2472.623254;48.96116407;11.26835049;-0.784346083;1;0.2;100;20;30;10
20;58.33833523;7895.637474;70.61827548;15.36940847;6.226478691;38.06883702;2596.873723;50.35054353;12.11037029;-0.695244397;4;0.3;500;100;20;30
17;51.33387517;6015.951868;65.62040225;12.51361362;6.105282428;23.26232981;1008.325212;31.40721138;7.397497077;0.233474592;20;0.5;100;150;20;1
85;38.28043921;2483.719384;48.59684804;11.35174186;-3.322351051;39.639898;2748.984988;51.76813317;12.240779;-0.308626583;4;0.1;100;120;10;10
73;42.44754073;4118.089765;56.19697066;11.37960701;4.110072856;38.9536416;2640.509135;50.78904116;12.10653191;-0.152650453;5;0.3;100;200;25;10
95;42.06644206;3450.059593;53.49554917;11.38398897;1.359919091;36.61392802;2451.59435;48.50137242;11.01414656;0.402546459;2;0.4;100;30;30;10
86;58.26912538;7415.785817;67.28668916;15.37195425;5.615049852;40.82693443;2928.277445;53.58522482;12.63181558;0.339514629;4;0.3;500;100;25;30
55;40.30463841;2651.037883;50.34181645;11.39917819;1.66091362;34.10381216;1989.475929;44.19565246;10.67514668;-0.729787739;10;0.7;800;170;20;10
35;60.94162015;7516.190474;74.67009871;15.43030623;11.97780039;19.25487319;655.0622531;24.30494154;6.086751802;2.208169097;30;0.7;700;20;50;30
76;48.33998904;5151.658686;60.06792026;11.53048868;7.643989349;22.33415698;881.6567366;29.62833544;7.172630985;-0.095586021;20;0.6;300;170;20;10
59;40.96785651;3084.672886;53.08438969;11.90499649;-2.139963326;28.44019993;1436.960284;37.7264449;8.926926489;-1.891597595;10;0.6;100;20;60;5
20;39.02466647;2737.922738;50.20668019;11.79848383;-2.536809667;40.57262009;2807.18676;52.45340626;12.48189777;-0.939094277;4;0.3;500;100;20;10
70;46.58975396;4505.649394;58.90630658;11.98650337;6.85861637;28.84805395;1510.45022;38.1839833;8.979563822;0.87123803;15;0.2;600;120;50;5
74;46.78061817;4168.019407;58.85782318;12.54276722;2.480286095;28.62653304;1484.943967;38.13910094;8.917552016;-0.473565588;15;0.6;100;200;25;1
39;58.70456011;7704.82066;69.82600753;15.62035009;5.096316409;40.29221548;2735.986854;51.85462295;12.66979734;-0.717682613;2;0.6;700;150;30;30
70;47.43831385;4260.789742;59.24026808;12.57108661;3.730351812;28.72935198;1483.034169;38.2893715;9.101781008;-0.651120139;15;0.2;600;120;50;1
48;44.90008478;3225.659586;55.57879497;12.57375428;-2.117158315;33.49151125;1990.500368;44.30690623;10.45675459;-0.532042759;10;0.5;400;200;20;1
97;44.16297162;2916.009671;52.75474563;12.03331557;5.130910668;32.80097614;2052.785928;43.98157776;9.953805912;-1.133950762;3;0.6;700;10;60;5
89;42.6230162;2958.7415;52.93090568;12.61037697;-1.902892084;32.35700834;1773.12833;41.71472582;10.02966563;-0.420936311;10;0.3;500;30;10;1
85;45.0665322;3426.79117;56.97864998;12.67497303;-3.057890798;40.04659046;2649.787929;51.31823204;12.4358578;-0.452957521;4;0.1;100;120;10;1
78;51.17012516;5433.133072;63.01076448;12.91979648;6.454443461;12.39801532;286.7818422;16.6390038;4.021785102;0.200229341;30;0.6;600;50;60;1
40;41.43906618;2907.939206;52.32204016;12.12293981;4.676130922;41.79377241;2906.225713;53.58152451;12.82148597;-0.955417334;1;0.1;700;100;15;5
43;57.69855488;7163.756791;69.73787378;15.6693709;3.906673198;39.78749941;2763.076772;52.04995443;12.45296579;-0.646774277;4;0.3;300;200;50;30
69;46.55879726;4417.514065;59.1474081;12.1407769;5.122732151;28.50972017;1524.547378;38.5691387;8.905803222;0.416396779;15;0.2;500;200;50;5
14;63.09563012;7439.523897;77.00399516;15.79915056;8.216997212;31.44388374;1548.851854;39.08968501;10.26147297;0.017266378;10;0.7;100;30;20;30
92;44.73613392;3471.712259;56.66269424;12.92919209;-1.321562223;28.54857347;1509.186481;38.31104172;8.895688787;-0.337243445;15;0.5;500;100;40;1
59;43.91670149;3824.387791;56.52403603;11.97581533;4.760356945;31.53102428;1777.901571;41.56317032;9.520553076;0.089085442;10;0.6;100;20;60;10
44;46.64450477;4809.078512;59.16285786;12.19005458;6.223816561;30.63984113;1622.765766;39.58963569;9.579204926;-0.971177728;15;0.3;600;100;20;5
38;40.77110216;3102.660657;53.3446177;12.20503049;-2.227061394;40.68651185;2799.312286;52.09178475;12.47255747;0.032644655;1;0.5;600;120;40;5
85;59.45941404;7621.932623;68.03315473;15.81495693;6.202228165;39.72846604;2774.455024;52.02002176;12.44257518;-0.369802485;4;0.1;100;120;10;30
77;50.90138011;5258.555464;67.2942913;12.98111231;7.190528533;21.73237481;859.9760073;29.22910755;7.163879279;0.474529749;40;0.7;100;10;50;1
6;53.60996303;6513.392368;64.65827362;13.12983039;4.22795941;32.57216097;1874.891396;41.92238054;9.880990168;0.791153617;1;0.3;200;50;60;1
94;43.38190887;3554.489092;55.159358;11.99779859;0.541199795;38.38699206;2618.720876;50.41685754;11.58707924;0.123851335;4;0.5;300;20;40;10
82;48.71560932;5982.165929;62.23237572;12.26489218;6.477171074;39.06837247;2619.42456;50.70558934;12.38311538;-1.607906026;1;0.7;300;120;10;5
60;45.14278632;3481.773662;57.50344685;13.20281057;-3.60341796;36.26353581;2334.311691;47.97381141;11.13448813;0.431819826;10;0.7;500;120;60;1
71;48.64122817;4253.792977;59.2574028;13.21089033;3.291165268;35.18363768;2127.364194;45.66978346;11.01157708;-0.862103973;10;0.4;800;70;40;1
84;52.71107705;5726.08089;65.73850946;13.21990235;5.343695224;42.43193788;3132.295781;55.04253131;12.81555908;1.057540396;5;0.6;700;85;30;1
72;63.57438709;7944.598977;74.33640421;15.82920567;12.09667369;20.64968885;816.8970811;28.56599439;6.80213969;-0.706727614;40;0.6;700;70;20;30
76;52.4923343;5751.686225;67.42821322;13.24696201;5.682656103;23.74425497;1034.994683;31.75638918;7.533030032;-0.163134496;20;0.6;300;170;20;1
64;59.16615839;6409.050763;71.31489712;16.02990233;6.742634389;31.06941828;1648.83557;40.0078177;9.801025212;-1.639524001;20;0.4;800;10;20;30
82;52.86339476;6228.672822;66.17116916;13.43807025;6.71707726;39.56274402;2612.902377;50.80918529;12.34738872;-0.599618617;1;0.7;300;120;10;1
83;49.67593466;5845.711185;60.69856259;12.02895001;7.966938211;39.28266155;2687.16788;50.86952057;12.00719042;2.868439796;4;0.5;800;20;10;10
33;60.21805034;7966.748899;72.47004201;16.09672257;4.892858973;39.26339204;2744.518418;51.90395529;12.11592055;-0.228584506;5;0.4;200;200;25;30
42;43.21074442;3325.844191;55.71422629;12.03449928;1.261373174;34.67128198;2126.185709;45.62350188;10.628306;0.276187629;10;0.2;100;70;60;10
35;50.92962504;4576.90065;61.17292867;13.6039405;7.011703114;16.54146597;482.2549154;21.44975274;5.550922377;-1.059813583;30;0.7;700;20;50;1
15;50.46015807;5726.481032;63.75234668;12.1153159;7.569725558;7.062277014;109.2938535;10.15254136;2.242162839;-0.218140588;30;0.3;400;170;25;10
37;46.47368028;3440.261661;56.43239596;12.52176165;6.072866251;38.26020182;2534.520536;49.15006984;11.21848054;4.171097431;4;0.4;500;10;25;5
17;50.36307839;5891.142713;65.09214761;12.56018176;5.41692017;22.87852685;972.8711528;31.02284847;7.149121529;-0.309821624;20;0.5;100;150;20;5
38;39.84723994;2934.968936;51.29426799;12.17218854;-3.436876638;41.14214494;2878.829888;52.79353485;12.41572761;0.118917735;1;0.5;600;120;40;10
67;46.39796342;4479.323833;57.71978585;12.63734363;3.133881895;41.80619484;2961.775402;53.55672528;12.68564097;0.522178567;1;0.6;800;85;15;5
40;51.48552496;4611.48809;63.05138294;13.63844868;6.405434953;44.13048285;3189.000855;55.7758206;13.50738898;0.713135692;1;0.1;700;100;15;1
95;47.21431751;4097.383501;58.42435669;12.63797264;-0.364223713;35.94651906;2214.708852;46.47165809;11.01528075;-1.21764811;2;0.4;100;30;30;5
13;53.98641728;5781.032233;66.00939381;13.67211381;4.557103086;28.38540043;1426.120013;37.40668219;8.94687453;-1.08089319;15;0.7;600;50;25;1
48;60.52596932;7246.421428;70.64037583;16.10894798;6.395859584;33.49250487;2034.612423;44.47843018;10.46426993;0.41991098;10;0.5;400;200;20;30
25;53.16954345;5429.623368;64.23599014;13.74546846;5.699212141;33.9942631;1876.5899;43.04970019;10.75937094;-0.779915246;4;0.1;400;10;10;1
41;43.41763263;3138.314098;53.91102401;12.6607097;-3.21603632;39.81772785;2629.045194;50.98738404;12.20806547;0.159825766;3;0.1;800;70;60;5
60;44.0438292;3306.905862;56.26324057;12.67658464;-1.69767935;34.29984458;2019.887462;44.46799324;10.64435163;-0.500449554;10;0.7;500;120;60;5
34;50.52151549;4212.747746;61.3421715;13.77111812;3.918057488;22.49216313;917.9304553;29.34945956;6.968369362;-0.63267444;20;0.2;600;20;25;1
34;62.51088056;7791.947304;74.68186639;16.18623895;10.31775443;24.4657992;1044.796592;31.8816167;7.933740266;-1.973062281;20;0.2;600;20;25;30
68;45.57378371;4365.899397;59.80838822;12.18512409;3.82597757;38.45963178;2580.047047;50.42769072;11.88709957;0.140470062;5;0.4;200;85;50;10
89;44.33260649;3386.206909;56.29782145;12.81654943;1.003750648;33.88895151;1904.702686;43.31557865;10.5398284;-0.05105722;10;0.3;500;30;10;5
18;47.88056934;5889.053695;62.00542685;12.34394413;4.507456666;42.57080675;3081.926621;54.82186544;13.22847526;0.315425848;1;0.4;400;100;10;10
41;40.77137026;3051.099837;53.70617404;12.37701829;-3.300329718;40.9275457;2872.640776;53.34813761;12.6841123;-1.551095151;3;0.1;800;70;60;10
4;49.8495856;5701.546343;64.27199752;12.4042312;4.48281875;39.64568119;2606.086586;50.59191146;12.59562387;-1.118867184;4;0.6;800;50;25;10
51;47.34924716;4966.567222;59.96067759;12.81845453;-0.254184026;27.67543324;1303.892639;35.68424654;8.845257529;-1.267117313;15;0.7;700;20;40;5
32;55.67815989;6427.6285;66.05456633;13.77499532;6.928977073;31.1145968;1667.591612;40.59867773;9.800007763;-0.308870421;10;0.3;300;70;40;1
44;62.08312327;7803.64831;73.55534795;16.18820958;10.72463021;29.05113331;1549.518907;38.82271376;8.948428256;0.802669195;15;0.3;600;100;20;30
56;42.62479704;3009.097808;52.65381318;12.91804749;-3.852109688;28.92945032;1482.282728;37.98255967;8.951531779;-0.370096952;15;0.3;600;30;50;5
39;46.77761031;3549.402444;58.23674262;13.79613821;-4.654881494;43.10388164;2996.799824;54.1827719;13.18000369;-0.381444935;2;0.6;700;150;30;1
22;42.24734994;3059.914813;53.38106918;13.05607172;-3.920082823;39.61352945;2633.129646;50.41605996;12.32392406;-0.820602739;2;0.5;700;50;20;5
47;59.15052048;7309.252756;70.14232734;16.20618576;3.826069501;34.13606311;2162.21167;45.57283737;10.53276124;-0.165806147;10;0.4;200;70;15;30
11;51.85510099;6217.442848;64.26546108;12.47320272;5.611787393;23.59564314;992.8576681;31.28429072;7.444772866;0.074963413;20;0.1;700;85;60;10
79;64.98503289;7441.636847;78.58446077;16.29008292;7.081759116;36.94384457;2067.956396;45.32590629;12.25242061;-1.616419193;4;0.7;700;20;25;30
87;60.24748638;7081.106806;71.88758758;16.3011091;7.949040439;29.19022299;1611.214453;39.72362461;9.190576756;-1.512886189;15;0.4;700;30;40;30
98;66.02529084;8596.668036;74.98498365;16.47620657;15.53040964;22.06244127;912.538095;30.14874538;7.300343423;0.552945545;40;0.3;300;50;15;30
88;45.28178772;3449.022431;57.42030976;13.23203261;-4.390786786;32.37335374;1801.080552;42.32999073;10.09958022;-0.916940634;10;0.4;300;30;20;5
67;50.52641009;5009.314723;61.21053529;13.90499423;2.807520461;41.37422668;2850.154222;53.06169393;12.64984266;0.61010343;1;0.6;800;85;15;1
31;48.62184454;5322.003922;61.73302576;12.49764442;4.223031759;33.6272891;2043.651404;44.95284797;10.57708187;-0.309538549;10;0.3;100;200;30;10
49;61.15859563;7905.67652;72.07397631;16.49037948;5.76911933;38.38666059;2561.482725;50.05227855;12.02262921;-0.367539563;5;0.6;700;170;50;30
78;54.27839862;6761.806872;68.39884709;12.52844588;10.192258;11.08896217;214.8364131;14.49116128;3.68094309;0.100258308;30;0.6;600;50;60;10
66;48.37858017;4424.329717;58.77794642;13.93059484;0.810498394;9.695616257;176.9760527;13.17576453;3.19901758;-0.942706406;30;0.5;400;85;30;1
48;45.78858273;4214.144968;59.82522005;12.55687;3.048506688;33.56567473;2078.349184;45.13285581;10.3693621;-0.493433925;10;0.5;400;200;20;10
7;51.9565313;6103.595087;64.7651692;13.48254793;4.068172615;34.32692065;2074.11593;45.10193711;10.77824996;-0.064736771;10;0.3;800;170;50;5
18;55.00080549;6025.44393;67.65342051;14.02610908;6.389284105;43.29733021;3098.18102;55.08510182;13.31862406;0.318198617;1;0.4;400;100;10;1
18;52.09618408;6222.085922;63.77940062;13.52310556;4.16071616;42.89146556;3146.385513;55.64543355;13.55396466;-1.247495134;1;0.4;400;100;10;5
32;50.6970084;6053.570511;64.00127735;12.62182966;5.221743635;31.80685035;1710.419979;40.93628954;10.17509161;-0.422355105;10;0.3;300;70;40;10
7;55.46812152;6593.410677;69.10350558;14.11157841;4.738895708;34.79433111;2218.222085;46.59623727;10.99533484;-0.886900378;10;0.3;800;170;50;1
54;55.30850642;6296.823002;69.81631359;13.52745365;6.752308613;8.595162774;174.5842389;12.25531682;2.679794647;0.063262806;30;0.1;700;170;40;5
54;53.93786071;6453.37105;67.41190387;12.81228135;9.698336456;7.784172995;112.7542622;10.54714082;2.554803259;0.075452157;30;0.1;700;170;40;10
9;55.73206307;5994.489593;65.92657857;14.14050681;3.21373694;36.76580803;2267.08643;46.65186148;11.45775667;-1.777520313;1;0.2;300;30;30;1
36;63.09703052;7904.473793;72.95948574;16.49694918;11.04004537;23.01874562;996.1419113;31.23336365;7.350921615;-0.614530578;20;0.5;200;70;15;30
78;53.97781596;7002.559496;68.45108052;13.55491038;4.995668175;13.19562251;321.0492556;17.65152168;4.205526287;0.070606996;30;0.6;600;50;60;5
93;67.10108877;9048.146481;78.96454041;16.67732336;11.32675329;11.48665016;244.947797;15.57616821;3.782703471;0.604359878;30;0.7;200;50;25;30
3;55.09116535;5954.679257;67.33983805;14.17427106;4.762911229;39.71438623;2564.181299;50.05497692;12.34594368;-0.52393289;4;0.4;700;50;50;1
95;54.4327767;5179.542234;64.4626135;14.17877255;-0.658169442;32.76281775;1810.716724;42.12611979;9.859404881;0.622304873;2;0.4;100;30;30;1
2;50.01280435;5808.106621;64.98768122;12.81812919;3.914055254;40.33410216;2751.980615;51.96416153;12.9224529;-1.264105689;3;0.5;400;85;50;10
28;54.40308261;6666.447515;67.30716709;13.55711174;6.435477403;34.19895538;2051.309357;44.34781234;10.57860031;1.101420211;10;0.1;700;30;40;5
89;62.28854033;7727.167051;73.30198843;16.74427809;7.228406427;34.32996326;2196.651752;46.2749127;10.69279715;-0.825534679;10;0.3;500;30;10;30
2;55.24720138;5906.619324;67.8399838;14.28652375;6.116959517;40.08545857;2670.03236;51.34765846;12.62890854;-1.442861805;3;0.5;400;85;50;1
51;54.95430887;6348.312825;67.59357007;13.05716216;5.041168235;27.95297286;1315.536925;35.69605418;9.387026863;-2.947492029;15;0.7;700;20;40;10
32;53.42046197;6421.840976;67.18361699;13.68816186;4.312694509;33.21473518;1881.740636;43.05431048;10.41898853;-0.002804026;10;0.3;300;70;40;5
25;53.23906084;6656.985847;64.98379762;13.07380128;4.316597562;36.24555053;2181.421103;46.22011703;11.67983002;-2.261135935;4;0.1;400;10;10;10
22;62.38587813;8114.568899;74.84653634;16.77916581;6.068615652;41.91907151;2958.158151;53.62802123;13.07839786;-0.779071064;2;0.5;700;50;20;30
32;63.80109707;7768.001854;79.60476374;16.86795074;5.793343284;31.43142498;1640.654387;40.43216135;10.22090767;-0.275122737;10;0.3;300;70;40;30
27;51.96292499;5431.60892;64.0842602;13.71411031;4.340467881;42.17054611;2980.637515;54.07760226;13.15748242;-0.255374232;2;0.1;800;150;25;5
45;63.15302349;7642.446532;74.26747537;16.91361822;8.741040556;30.89519598;1783.231795;41.40243815;9.42108735;0.241011078;15;0.3;800;20;20;30
27;51.29111311;6301.403325;66.72799279;13.09496464;4.42515331;40.48023029;2766.647418;52.24218976;12.60561423;0.336683584;2;0.1;800;150;25;10
3;53.40948884;6441.837641;66.76438374;13.94251889;4.879807378;37.78034763;2425.073102;49.04057651;12.07010239;-0.611890432;4;0.4;700;50;50;5
8;53.34227138;6005.171449;67.79603192;13.13137606;5.023243695;16.88879814;508.0174592;21.98548116;5.649547386;-2.420373193;30;0.5;800;20;50;10
91;44.2803936;3285.9602;55.86076572;13.55313942;-6.943476646;42.43012542;3109.451539;55.31174502;13.02438764;-0.516717266;1;0.3;700;170;60;10
14;56.41980486;6321.703357;66.91024873;14.08942282;6.00950016;31.47491244;1752.884712;41.3192529;9.694208462;1.19251455;10;0.7;100;30;20;5
42;48.31777051;3463.772528;57.82616653;14.29296973;-5.124161638;33.85716009;1997.215728;44.32395302;10.52934275;-1.114322363;10;0.2;100;70;60;1
53;56.97395807;6254.653952;70.07493496;14.46970725;5.185916211;38.91518622;2609.154083;50.66185742;12.18069486;0.290392742;4;0.1;800;100;50;1
41;60.5414495;7633.644485;71.6146126;16.94756276;2.905732025;39.79448601;2729.326698;51.62563203;12.54138482;-0.329527674;3;0.1;800;70;60;30
97;51.45849504;3857.48515;60.08068348;13.74987545;4.596649961;38.40293726;2507.268432;49.62449985;12.00408173;-2.397560865;3;0.6;700;10;60;10
55;64.02022119;7936.248677;75.13514056;16.99186718;6.305659981;34.87076611;2150.522906;45.77385624;10.82083679;-0.568812767;10;0.7;800;170;20;30
73;52.30220869;5618.498918;64.6134717;14.48569998;1.784095526;39.50151251;2637.138468;50.98842653;12.32178789;-0.535783887;5;0.3;100;200;25;1
5;65.35468284;7977.905517;80.46628625;17.06294305;5.346740169;33.73449824;1942.628181;43.5310582;10.88964208;-1.399704147;10;0.4;200;50;20;30
8;55.8891949;6468.507704;67.69156685;14.1209689;5.900428737;16.61352261;476.2045083;21.66584455;5.440811346;-0.306883695;30;0.5;800;20;50;5
27;55.90828732;6245.384077;69.00412836;14.60576201;4.335386062;41.61381024;2930.329667;53.74266082;13.03100414;-0.460183152;2;0.1;800;150;25;1
13;54.86780127;6593.165349;67.83878818;13.88184979;4.421233391;28.20494302;1441.922452;37.47768066;8.825328252;0.29025303;15;0.7;600;50;25;10
34;52.84795795;4910.252724;63.92294476;14.17736249;4.478529356;21.31511246;799.7201621;28.05504054;6.82487985;-0.959009238;20;0.2;600;20;25;5
94;52.99022006;4787.57639;64.15371986;14.28931433;-2.472232367;36.69091302;2294.656055;47.33649176;11.15589355;-0.613466295;4;0.5;300;20;40;5
26;70.40302066;9992.019224;82.50696837;17.10671639;14.23249756;26.83706059;1443.061918;36.09304319;8.759232403;-2.292785496;40;0.3;800;170;25;30
36;54.75770774;6001.595744;65.1196604;14.43962259;6.852400753;23.20318651;951.1021514;30.64602959;7.272856933;-0.063439079;20;0.5;200;70;15;5
66;52.74803082;4762.679768;64.49483074;14.49776589;4.545605;10.42718214;194.2925123;13.7231476;3.405401569;-0.539121525;30;0.5;400;85;30;5
30;54.79999326;5556.587809;67.29007549;13.9428196;3.009046913;40.98093424;2807.337543;52.26146629;13.03987868;-2.480398396;1;0.4;600;50;50;10
22;46.7546178;3954.549887;58.67588276;14.72306193;-6.683918317;39.31668561;2650.157711;50.78259871;12.29881255;-0.868125158;2;0.5;700;50;20;1
16;55.25621076;6604.744689;70.19091067;14.50630107;4.279994422;41.42814409;2946.874106;53.7581356;13.0556402;-1.156977798;2;0.1;300;170;30;5
93;52.54899031;4639.425582;64.12374955;14.7595924;3.365485655;11.77046886;261.0535668;15.90206781;3.78625558;-0.217834713;30;0.7;200;50;25;1
45;52.14240033;4771.357948;62.4378842;13.95331114;4.656098277;27.59577032;1329.834998;36.09373811;8.763406656;-1.548137413;15;0.3;800;20;20;10
84;54.75914582;6080.094071;67.70936877;14.02760214;4.528803266;37.08559057;2431.119367;48.59233254;11.80349089;-0.183821188;5;0.6;700;85;30;10
38;65.77615725;8519.526253;75.31729667;17.14343861;9.119630352;43.89258479;3251.17156;56.38694069;13.56154047;-1.031241096;1;0.5;600;120;40;30
80;57.49861955;6150.854751;72.17279795;14.13163287;10.92469887;20.86356386;871.6658546;29.46087542;6.861280129;-0.166641195;40;0.1;400;30;10;10
56;49.40477348;3824.19308;59.81320211;14.15411277;0.16173125;28.17880353;1347.295538;36.0457838;8.866788835;-1.187386627;15;0.3;600;30;50;10
9;58.33293734;7175.436335;70.48104307;14.55137412;2.399626868;36.81808014;2336.4935;47.21100589;11.43664343;-1.076405865;1;0.2;300;30;30;5
28;57.44730228;6294.498924;69.33004012;14.82091989;3.592235665;34.85763221;2073.512648;44.88878617;10.85591918;-0.147948087;10;0.1;700;30;40;1
5;56.19308275;6641.360284;69.64423641;14.55827006;4.07212683;35.19052199;2096.535297;45.60944215;11.17319522;-1.100325797;10;0.4;200;50;20;5
88;64.10424215;8261.028327;74.88411905;17.16825562;8.200511356;33.91102666;2003.861229;43.92522775;10.59938407;-0.437962835;10;0.4;300;30;20;30
42;62.87703253;8184.654679;75.3734983;17.2167943;5.401393977;32.60809626;1920.252171;43.17128918;10.23393103;0.04157317;10;0.2;100;70;60;30
94;66.17271049;8531.910295;76.49528532;17.25413577;8.400749792;41.04512688;2716.659287;51.73167344;12.89309009;-1.164934788;4;0.5;300;20;40;30
63;55.89871228;5968.597276;67.57664732;14.93977184;8.469993115;22.67087394;1024.105464;31.79221775;7.180610352;-0.420356723;40;0.2;200;70;40;1
16;57.04089585;6279.484828;68.82627494;14.94334119;4.62430757;43.75445436;3160.036081;55.76229629;13.66191332;-0.689562267;2;0.1;300;170;30;1
52;68.23702473;8428.287927;81.75713116;17.39564369;9.901570716;39.1314284;2751.776653;50.35376145;12.51751793;-1.045358407;15;0.6;700;10;15;30
23;55.67854152;5808.874836;69.79899178;14.71750044;6.372565272;21.68804392;806.2591039;28.30644962;7.170342621;-1.768875617;40;0.3;600;20;40;5
81;54.17570041;6536.981349;68.9000095;14.18310504;1.834064918;41.11227229;2852.690012;53.00840178;12.97516435;-0.123714806;3;0.5;400;120;60;10
84;56.71052176;6867.119149;70.26589336;14.7201486;4.411476238;36.17224491;2296.425247;47.68801797;11.45505743;0.148010515;5;0.6;700;85;30;5
90;55.54998094;5607.236322;68.47791216;14.97584013;7.907286426;23.0524507;1038.177938;31.85003381;7.315111597;-1.184877877;40;0.7;500;170;60;1
75;56.26928129;5848.659732;69.88553452;14.978336;5.143289897;22.42349964;957.6156399;30.89114042;7.352323585;-1.106938654;40;0.2;200;120;40;1
7;55.57762273;6600.009329;69.64872419;14.28722222;5.413334223;33.76557789;2078.566439;45.2819826;10.73164879;-0.535311368;10;0.3;800;170;50;10
83;55.35248144;5462.975742;65.73569645;14.78771357;3.199759942;36.1624466;2220.919071;46.50100376;11.63980336;-2.304774752;4;0.5;800;20;10;5
53;55.0577084;6557.669143;70.03791901;14.33116893;1.968915692;39.7410805;2661.934439;51.42462671;12.59901862;-0.59082774;4;0.1;800;100;50;10
41;50.97241404;4032.133385;62.6616375;15.00434602;-4.707311126;41.98628504;2913.646032;53.76802338;12.77630998;0.565699816;3;0.1;800;70;60;1
5;57.25450385;6612.810419;69.37501408;15.01694726;2.932881837;34.40887307;2113.491392;45.73694225;10.84598978;-0.434737668;10;0.4;200;50;20;1
2;55.33021616;6267.976861;67.71855113;14.80576888;2.6310901;41.0402685;2814.286869;52.40449753;13.07245645;-1.575538113;3;0.5;400;85;50;5
4;56.46108099;6014.757942;68.49902627;14.82834321;4.327956067;41.22239715;2786.868879;51.94336518;12.94179582;-0.575347909;4;0.6;800;50;25;5
99;69.40338869;9140.937233;81.76677712;17.49076137;13.36174822;9.627620694;175.3645186;13.17855175;3.137232565;0.026421097;30;0.1;200;30;40;30
31;56.85890658;6977.329404;70.77716637;14.83501318;4.035250743;33.57556774;2010.412697;44.567456;10.61004634;-0.447492591;10;0.3;100;200;30;5
3;54.91325943;6125.32306;68.39076242;14.39370128;2.84879052;39.8977697;2686.377905;51.41613227;12.52793555;-0.085423392;4;0.4;700;50;50;10
96;65.56164261;8484.619612;74.28042697;17.49107279;8.85448035;41.23994535;2820.523156;52.76691149;12.92618435;-0.759624768;2;0.7;300;150;20;30
99;52.43757382;4524.383589;63.6010823;15.07605271;2.792645141;10.17532255;200.0516817;14.09170571;3.291354594;-0.371828634;30;0.1;200;30;40;1
87;51.75953345;4473.582546;63.68104761;14.85088782;0.530596917;26.65577018;1258.45742;34.96898048;8.36085591;0.632367862;15;0.4;700;30;40;5
19;56.73104387;6311.754903;69.28328717;14.99468003;3.560240143;43.02115157;3096.156918;55.16885606;13.34593642;-0.314040765;2;0.2;700;85;25;5
19;58.51881632;6426.781497;70.86682352;15.1625751;5.3768949;41.05980681;2771.20084;52.00837988;12.79468899;0.215520306;2;0.2;700;85;25;1
28;56.89649463;6544.404582;71.36386493;14.52170745;5.09864909;30.84562238;1711.386353;41.23969867;9.93242059;-0.463470601;10;0.1;700;30;40;10
19;54.89743229;6233.339491;69.15560805;14.60384674;1.565247043;42.96829164;3148.240634;55.73383724;13.50357512;-1.618448364;2;0.2;700;85;25;10
81;57.97402651;7315.945219;72.09243942;15.02634838;5.759359932;40.85352545;2862.079815;52.94616749;12.79016604;-0.077566777;3;0.5;400;120;60;5
16;54.9962554;5917.636096;68.47936434;14.61235339;1.823970821;42.76942761;3096.579387;55.11047806;13.51540142;-1.171574825;2;0.1;300;170;30;10
46;49.0663647;4134.249109;61.22577411;14.62377795;-3.651230511;39.34897629;2641.134907;50.58556768;12.48222579;-2.951079036;1;0.1;600;50;50;10
45;49.67143692;4316.591662;60.30667543;15.25110321;-2.582253734;28.00095542;1304.294854;35.86566288;8.90929835;-1.252750994;15;0.3;800;20;20;1
59;66.97998996;8056.386443;77.53823985;17.72538836;5.517341434;38.2553388;2540.69679;49.84389925;12.09428944;-2.112388104;10;0.6;100;20;60;30
73;54.12986163;5520.539958;63.66797543;15.15105765;2.15940312;39.39548581;2645.59377;50.90352785;12.1606529;0.171228841;5;0.3;100;200;25;5
34;59.35978754;6734.372302;67.13330983;14.68146072;12.57130109;23.66705662;970.3281868;30.72177156;7.398504681;0.420013524;20;0.2;600;20;25;10
52;61.94395218;7614.169319;72.19500141;14.69559331;7.937683656;32.8448151;2010.147397;41.47008009;10.08236231;2.591947571;15;0.6;700;10;15;10
31;59.62376539;7254.827028;72.14457835;15.36444398;4.974419766;33.90170082;2062.961715;45.02235057;10.62870153;-0.224934227;10;0.3;100;200;30;1
81;60.25664286;6820.497252;73.02693181;15.47450646;5.505053596;41.96702858;2931.41203;53.62176554;12.93487114;0.315982571;3;0.5;400;120;60;1
30;61.62232192;7363.684245;76.05320394;15.54890308;8.281157333;39.40289105;2494.734257;48.67747785;12.24277109;-0.313284481;1;0.4;600;50;50;1
87;55.00980094;5656.610723;65.75340452;14.78230327;5.533982404;28.89966937;1464.51515;37.42002453;8.974787522;-0.12074598;15;0.4;700;30;40;10
65;60.33060859;6202.994774;72.75064943;15.31306297;9.915460227;8.764584427;172.4126128;12.73299599;2.705763246;-0.045854199;30;0.5;200;120;25;10
75;70.41559386;9217.282419;84.86539068;17.73294623;10.76289149;22.25800129;933.1528506;30.49143767;7.458514442;-1.618144948;40;0.2;200;120;40;30
79;61.450993;6694.403037;73.37101819;15.25664842;0.351089924;34.99369915;2495.625829;48.27690605;10.97707992;-2.791787736;4;0.7;700;20;25;5
46;53.89790029;4920.72842;68.03235416;15.26528781;-2.737539388;39.93678608;2682.162359;51.39034135;12.14001197;0.502215363;1;0.1;600;50;50;5
68;65.16973919;8089.52098;77.23875266;17.84839381;5.043476158;38.33699222;2420.581178;49.05732291;12.27402218;-0.502076475;5;0.4;200;85;50;30
21;59.03692067;6407.79821;70.3493206;15.68404474;11.0694718;25.51811868;1308.472325;34.97801297;7.691308699;0.91524204;40;0.1;400;30;15;1
88;55.91554298;5122.690089;67.27249689;15.36587432;5.256013543;31.09490752;1802.97143;41.70938168;9.596658249;0.200223443;10;0.4;300;30;20;10
60;64.13635975;7901.525325;77.12172552;17.95165135;3.916009833;34.51139938;2161.632427;45.89205206;10.82692571;-0.476298241;10;0.7;500;120;60;30
17;71.91991969;10425.25038;85.06731703;17.97504259;10.98019648;22.54663268;908.1953511;30.05967722;7.398004324;-0.369547877;20;0.5;100;150;20;30
13;58.26602288;6505.771732;71.72252621;15.53820114;1.791556179;30.20912347;1628.029474;40.1143033;9.825586618;-2.926780545;15;0.7;600;50;25;5
53;59.15348568;6618.430447;72.60807313;15.55187068;3.065920311;39.94334247;2711.423224;51.73615332;12.64084908;-0.894014486;4;0.1;800;100;50;5
68;56.87225248;5584.7411;67.46094467;15.78621744;2.859415774;37.82678022;2392.884251;48.40780358;11.95763401;-1.589719612;5;0.4;200;85;50;1
90;59.67992899;7279.217986;70.63594889;15.61788438;8.574290472;23.17833258;1019.990353;31.69674859;7.597725314;-1.222535416;40;0.7;500;170;60;5
56;54.37801863;4458.497867;64.36606971;15.7983297;-4.263385245;27.88030868;1386.351066;36.42691094;8.719738726;-1.058030085;15;0.3;600;30;50;1
64;59.28633524;6215.757469;69.17684724;15.38130386;9.324229128;25.42572624;1113.229592;32.83720918;8.099816889;0.599549946;20;0.4;800;10;20;10
62;58.81367791;5776.668031;71.38998016;15.65906887;12.10230464;22.18675217;959.9593929;30.34490448;6.987684173;-0.955141868;40;0.2;100;20;60;5
95;71.90910714;9383.48665;82.3359679;18.28879211;10.33748688;43.83989386;3201.469796;55.89556264;13.64850885;0.049118062;2;0.4;100;30;30;30
35;62.0981441;7699.181499;73.36156914;15.7037273;12.87280669;18.38801907;549.9466399;23.1418677;6.078704332;2.292995858;30;0.7;700;20;50;5
62;60.0438594;7146.319676;72.24278094;15.38778487;11.40140384;23.46950229;1055.605037;31.63724791;7.473672407;-2.274370665;40;0.2;100;20;60;10
62;58.16601106;5744.987916;72.55134408;15.96959531;6.635565186;21.49980398;928.6567374;30.10757612;6.775197425;-1.467718328;40;0.2;100;20;60;1
44;60.17082506;6941.280002;71.00886749;15.59699835;8.553004944;28.62230637;1508.765076;38.34863104;8.78531704;0.083684723;15;0.3;600;100;20;10
36;62.11105975;7737.300972;73.52026876;15.66971496;11.71657604;22.68256736;958.3682834;30.55666677;7.116911403;0.891160003;20;0.5;200;70;15;10
28;71.48913737;9145.446948;83.70421608;18.38566276;9.767919281;31.36697309;1693.566838;40.82472039;9.979437405;0.466481309;10;0.1;700;30;40;30
71;72.77144635;9893.687115;81.10070233;18.43609508;12.73808713;33.94280565;1990.9752;43.7826312;10.50198254;2.547893102;10;0.4;800;70;40;30
63;58.29307105;5657.610327;69.97951505;15.80336896;7.218417382;23.45965172;1046.548515;31.9038411;7.481473424;-1.587512245;40;0.2;200;70;40;5
6;63.35487764;8031.486269;75.24214375;15.81791301;0.135145933;34.1625434;2100.407176;44.87478671;10.92760325;-2.917326165;1;0.3;200;50;60;5
73;67.61263712;8845.950748;79.54614716;18.48893031;6.426972129;36.66584599;2231.7093;47.12594656;11.74656371;-0.352116656;5;0.3;100;200;25;30
12;59.77972439;6441.283389;74.0244281;15.98291779;5.911985509;21.28533409;869.6824851;29.36336491;6.94746076;0.128217406;40;0.7;600;85;50;1
30;62.22042215;8230.808484;75.91983693;15.85223101;7.568024933;40.19960754;2748.318047;51.43029339;12.38248026;-0.128736966;1;0.4;600;50;50;5
36;59.16708118;5962.942751;70.53587963;16.12299078;6.093579517;23.21631548;1021.290685;31.66841839;7.321416023;-0.376628505;20;0.5;200;70;15;1
65;57.63360368;5243.97809;68.25909852;16.04866504;5.254156469;8.152622332;126.5669646;11.12118714;2.653234368;-0.336650017;30;0.5;200;120;25;5
63;61.6939532;7446.779542;72.19097076;15.67911383;12.56444173;22.69115041;1018.502836;31.69525798;7.24868265;-0.70602277;40;0.2;200;70;40;10
12;73.3226227;10099.99809;90.40959522;18.79319485;9.574726288;23.2784331;966.616844;31.06077881;7.800455844;-1.504977778;40;0.7;600;85;50;30
91;57.6328948;5285.435666;69.48249963;16.18720605;1.100909046;43.03434617;3005.307;54.32464961;13.18232474;-0.373876651;1;0.3;700;170;60;1
10;58.70239455;6208.777392;72.48393727;16.25826651;3.745480519;22.26327846;931.5643157;30.29177241;7.229236041;-1.664158335;40;0.3;400;70;40;1
5;59.31380564;6910.749518;72.13388403;15.6792026;1.796063807;33.85226186;2024.188078;44.30466365;10.7086638;-0.248080127;10;0.4;200;50;20;10
58;51.39280415;4752.587654;64.09815074;15.98686045;-3.949551346;43.34023618;3154.584262;55.3910203;13.06778363;1.668894689;2;0.2;800;20;30;10
68;57.2624629;6040.356703;68.7426585;16.09189652;1.952555719;36.98511098;2379.530083;48.20034891;11.76114597;-0.900852941;5;0.4;200;85;50;5
77;65.20830881;7121.778459;78.93677308;16.18330431;11.40563706;23.91335932;1018.16929;31.86116109;7.915104991;1.06040951;40;0.7;100;10;50;5
10;61.05478101;6400.294316;74.85030004;16.08337394;7.77018034;22.58600617;962.2364618;30.90958697;7.358708035;-1.374359612;40;0.3;400;70;40;10
65;57.83745081;5387.40035;68.3411156;16.35169228;4.100402323;9.745155844;177.6449797;13.10222704;3.090511278;0.061720427;30;0.5;200;120;25;1
97;74.78380657;9428.29405;87.52571971;18.82949265;5.852992495;44.89728902;3438.595008;58.32089976;14.30205432;-2.437325012;3;0.6;700;10;60;30
76;74.38947045;9978.276837;85.90023477;18.85804866;10.91072697;22.68871452;915.8119453;30.13583735;7.403578782;-0.259467944;20;0.6;300;170;20;30
80;60.86249751;6686.950882;75.05515033;16.40725316;4.781548995;22.36663634;931.4369515;30.47765426;7.349020274;-1.549090267;40;0.1;400;30;10;5
26;60.65960744;6191.842033;74.83723071;16.46495567;5.163961264;22.10918932;939.9908979;30.5762159;7.16849394;-1.106229928;40;0.3;800;170;25;1
50;62.04343943;6956.478717;73.51734327;16.15933575;8.088481267;28.20889687;1539.143181;37.26696725;9.702935598;-4.471178534;40;0.1;400;120;20;10
90;64.83722722;8611.862949;76.63031222;16.43523298;15.50918985;22.76989163;1027.636285;31.59948348;7.352447807;0.432027885;40;0.7;500;170;60;10
14;63.84565124;7623.921508;76.70983081;16.62355735;3.484041825;29.7745549;1595.315524;39.56381506;9.50687532;-0.910561947;10;0.7;100;30;20;10
54;73.29884984;9518.380503;87.59474675;18.87495306;10.77912236;6.271628157;76.8430879;8.689439556;2.044904563;0.094853668;30;0.1;700;170;40;30
83;62.78233578;6586.090979;74.29395629;16.49949248;3.220899224;41.05522619;2648.535712;50.9188125;12.84570673;-0.74762187;4;0.5;800;20;10;1
35;65.96586281;8820.49027;78.82029011;16.78633391;12.40660577;22.53149971;929.9900648;29.34186341;7.394540527;-0.991543319;30;0.7;700;20;50;10
92;66.64701252;8362.712247;78.24090104;18.88903088;3.573868448;27.64105595;1420.163021;37.48205084;8.9115318;-0.689109635;15;0.5;500;100;40;30
67;69.60668798;8709.326619;80.33288756;18.9719089;6.536392524;39.264603;2416.910208;49.08113649;12.6436492;-1.866690267;1;0.6;800;85;15;30
21;61.70647279;7919.872959;72.77432819;16.51613654;11.38502541;25.06092121;1181.320572;33.99340991;7.88896695;-1.116960297;40;0.1;400;30;15;5
23;61.16260958;6078.209864;73.05152596;16.54559786;3.649163971;22.52500986;910.9883475;30.09933034;7.35032415;-1.821836484;40;0.3;600;20;40;1
98;66.77717345;9169.776723;77.50892559;16.83495913;11.59670008;23.55829384;1119.844727;33.11662398;7.487520992;-2.099517792;40;0.3;300;50;15;10
6;68.71137111;9179.998418;82.38860074;17.13146734;-1.382378586;36.5540875;2325.326976;47.66182573;11.64220269;-1.914857879;1;0.3;200;50;60;10
24;74.10108915;9013.913697;87.65600774;19.02651151;10.72271286;22.34313372;835.0714912;28.87607319;7.333653783;-0.030794774;20;0.5;200;50;50;30
0;70.82098374;9362.614364;84.15048045;17.13673143;15.15234099;21.86016268;908.4821463;30.0966502;7.184760289;-0.39979871;40;0.7;800;100;20;10
98;61.36393528;6479.381901;73.91454995;16.60283279;6.721947464;24.37561492;1145.080023;33.50314364;7.668785439;-1.422531665;40;0.3;300;50;15;1
50;74.10614816;9570.3325;87.51375192;19.08079015;10.89957252;21.72008075;923.1433565;30.35768876;7.219559606;-0.797502729;40;0.1;400;120;20;30
50;63.87548854;6782.97487;76.3970941;16.97267118;6.096383498;22.44799999;954.7787895;30.77901121;7.334017417;-0.86225171;40;0.1;400;120;20;5
69;71.7973256;9500.286078;81.98274003;19.1206115;9.584230357;28.24894706;1393.600363;37.32620234;9.138984067;-0.647467481;15;0.2;500;200;50;30
57;76.62224054;10649.44415;88.77194559;19.21112301;7.178302581;47.84472904;3910.379013;61.85043566;14.67879908;-1.307993034;1;0.2;100;20;30;30
4;63.40027427;6727.616028;72.94629184;16.61890208;3.416716123;37.05848253;2447.270818;49.05903128;11.73678231;-0.28998231;4;0.6;800;50;25;1
93;66.67907708;8040.756977;75.86851419;17.42156034;8.413595821;11.46114281;229.4352008;15.06888681;3.851799856;-1.454571367;30;0.7;200;50;25;10
66;74.10159096;9539.758915;85.53143307;19.21895324;10.33974318;11.9091455;258.1615933;15.55304071;4.115607676;-1.474491329;30;0.5;400;85;30;30
72;69.09510886;7619.337756;80.17582781;17.8755578;9.97019155;24.09264156;1105.433806;32.61913429;7.752635035;-2.218997291;40;0.6;700;70;20;5
66;66.12562343;7078.334921;78.52606095;17.49818997;7.590750929;9.693408382;164.8529706;12.60068624;3.17152438;0.043134007;30;0.5;400;85;30;10
99;65.56451846;6760.974094;76.93718807;17.99314674;8.672657919;11.92834539;251.5852692;15.72548183;3.917118485;0.003147641;30;0.1;200;30;40;5
78;73.43463534;9360.027353;86.68076033;19.28243979;9.340469549;18.74977152;652.8415435;25.14584938;6.179784183;-0.41271351;30;0.6;600;50;60;30
13;73.89653255;9315.105004;85.92691751;19.28634482;8.136444745;26.58479528;1226.299729;34.8320934;8.692230111;-0.104642118;15;0.7;600;50;25;30
87;55.17557959;4945.029183;66.66443014;16.74860401;-0.057082336;28.6927369;1455.70482;37.64408441;8.76272578;1.271926378;15;0.4;700;30;40;1
26;69.28056542;7577.197195;82.16546929;18.07893165;8.74317603;21.4889102;897.2049088;29.88509231;7.06877054;-1.155435229;40;0.3;800;170;25;5
0;69.91709841;7962.796236;83.22411159;18.15156242;8.815448113;22.64262229;925.5019462;30.411593;7.388707576;0.556713184;40;0.7;800;100;20;5
38;59.04757016;5327.949668;70.41509333;17.08176003;-0.358715893;43.3044153;2989.219318;54.08031979;13.11822593;0.090111937;1;0.5;600;120;40;1
64;58.98724708;4928.735644;67.72930121;17.2129268;0.462533215;23.1661072;926.4934316;29.87172502;7.300882179;-0.521397498;20;0.4;800;10;20;1
75;66.89112824;7258.62621;80.17493108;18.37136588;4.873389728;21.16857463;859.8533692;29.24027639;6.928074744;-0.89129177;40;0.2;200;120;40;5
99;67.13020007;7925.278742;80.15577219;17.6501182;10.44217906;16.64500692;506.0448442;21.65722032;5.424328624;-0.814190254;30;0.1;200;30;40;10
94;67.62801233;9296.527011;78.35683721;17.5767832;-4.999672545;35.1049445;2178.4669;45.99791333;10.4326815;1.206401002;4;0.5;300;20;40;1
51;75.94681409;9841.305809;89.58980902;19.34459493;11.13386067;29.50460903;1325.126038;36.2634731;9.85122472;0.077387579;15;0.7;700;20;40;30
98;70.91078701;8961.591277;81.17758146;18.39953803;12.62632942;22.09018421;1018.275468;31.27577075;7.066352687;0.696261361;40;0.3;300;50;15;5
29;70.62026871;8850.333362;84.35138966;17.7581007;11.75602193;20.79683807;840.1591522;28.8246207;6.815359826;-0.206486413;40;0.7;400;170;10;10
58;74.96690268;9136.03171;85.19750251;19.37545277;4.037937866;42.59927689;2955.780209;53.47855411;13.30419683;-0.666326135;2;0.2;800;20;30;30
50;64.80867705;7032.976172;78.34791124;17.89843928;4.164083688;23.53643575;1035.520592;32.04767711;7.569371258;-0.638527569;40;0.1;400;120;20;1
58;63.6903882;6498.298953;76.35477952;18.42788015;-4.186023049;44.22370093;3278.303153;56.32428015;13.11357776;3.529364559;2;0.2;800;20;30;5
75;65.47011954;7170.633033;78.50066326;17.78917686;5.66395359;22.63777959;932.7502744;30.50596607;7.466663429;-0.8833478;40;0.2;200;120;40;10
56;69.02238332;8715.58916;82.38007346;19.48182545;4.779836878;29.48113074;1562.924431;39.10363389;9.247546009;-0.12480709;15;0.3;600;30;50;30
11;77.36111365;10494.00377;90.1253068;19.5263811;12.37526429;21.99474368;855.5912625;29.23694768;7.108398823;0.938594066;20;0.1;700;85;60;30
23;69.2025571;8105.71075;83.04435998;17.82323268;9.639465798;22.1131536;909.1525129;30.07273671;7.176123416;-0.083022295;40;0.3;600;20;40;10
21;70.99743504;9850.955061;81.6691925;17.94140763;16.06663593;22.79031441;980.28113;30.97088084;7.325528159;-0.270555526;40;0.1;400;30;15;10
58;65.79861435;7951.662234;75.21019487;18.01334027;-10.06848674;35.43450141;2260.286753;46.49656624;11.0904304;-1.683125057;2;0.2;800;20;30;1
9;72.00995647;10473.27555;87.02929098;18.00306742;-1.337866348;41.72192947;3003.625818;53.48545176;12.94383642;-1.144155525;1;0.2;300;30;30;10
1;68.90257377;7957.317701;82.87756796;18.64033633;7.021552916;22.99608428;988.2411282;31.38376548;7.491886199;-1.182664725;40;0.5;600;85;20;5
1;72.2389785;8776.865652;86.2355579;18.36531257;11.30236252;22.33623017;936.6769023;30.54508571;7.412807805;-0.53205607;40;0.5;600;85;20;10
10;68.24686493;7522.546953;80.85054809;18.83015201;4.764072556;20.7300879;830.0720305;28.76122682;6.776213317;-0.422304736;40;0.3;400;70;40;5
0;77.42493621;10482.65009;90.82330866;19.91680907;12.12420028;20.89288234;866.8302047;29.2502465;7.030826419;-0.36935399;40;0.7;800;100;20;30
12;71.28803169;8442.40584;85.58926183;18.42691275;9.946697328;21.41657317;855.6321449;29.21351201;7.095866595;-1.408948306;40;0.7;600;85;50;10
93;71.90641566;8443.497634;82.99275653;19.15967513;9.069176158;13.91593747;358.341402;18.41599289;4.45120756;0.418295768;30;0.7;200;50;25;5
77;76.02980865;9911.286148;87.1544399;20.12916386;8.508865871;25.40513478;1170.295308;33.07883765;8.768592959;-4.177288597;40;0.7;100;10;50;30
29;65.73456829;6915.476475;78.41125259;18.05259535;5.033820311;23.52929103;1049.25127;32.18772887;7.597899981;-1.838545299;40;0.7;400;170;10;1
65;79.15236213;11403.45768;92.32129291;20.16458895;12.78010032;8.130751179;122.3412401;11.01876292;2.658652518;0.864029998;30;0.5;200;120;25;30
29;73.4160867;8315.249505;87.52532792;19.91653419;6.548456862;24.2533157;1153.35917;33.60427984;7.806945602;-1.89468635;40;0.7;400;170;10;5
80;68.878281;7523.224673;81.7385261;18.8944651;6.261431779;24.2197311;1091.676639;32.5312408;7.853920269;-1.859056286;40;0.1;400;30;10;1
1;67.36681957;7298.832152;80.63705149;18.93191818;3.816232604;22.71060687;965.7642289;31.00683175;7.405803656;-0.993188128;40;0.5;600;85;20;1
79;76.46457038;9408.677845;86.73070066;19.51599886;-2.226660958;36.67536913;2336.867402;46.78142217;11.54987929;-0.395241551;4;0.7;700;20;25;10
61;79.23140168;10802.04086;90.48832;20.31626109;3.760860369;44.36614766;3315.554736;56.31518314;14.38152269;-4.930141429;4;0.4;800;10;60;30
77;76.85584484;9170.669539;88.29396795;20.06543649;10.22623051;23.77598882;967.7263066;31.05499379;7.861627494;1.368829242;40;0.7;100;10;50;10
0;69.06630273;7339.754188;81.88653936;19.20937057;4.182969943;21.90804401;912.9951606;30.07447332;7.1494891;-0.055061403;40;0.7;800;100;20;1
12;75.205167;8336.905897;88.93889638;20.34957238;6.976764972;20.76579036;845.1556566;29.04133573;6.750841662;-0.221147892;40;0.7;600;85;50;5
70;75.41664967;9908.106052;86.15117149;20.52036893;7.781304294;28.12161384;1347.926656;36.66733347;9.075481729;-0.227730221;15;0.2;600;120;50;30
15;81.73082843;11472.3431;97.12362713;20.60646743;13.62795125;6.695463744;84.15392989;9.09320107;2.243218565;-0.012207864;30;0.3;400;170;25;30
1;79.11580415;10557.17311;92.10937136;20.60773812;10.77051516;21.61531808;878.4452718;29.564061;7.288707852;-2.010228021;40;0.5;600;85;20;30
72;80.98531557;10378.03484;91.14501526;21.1464308;12.59194992;22.50952854;952.9443755;30.77058245;7.325513946;-0.632014053;40;0.6;700;70;20;10
72;71.34699842;7984.667878;84.63754936;20.02929657;4.932971796;22.70836214;1001.930615;31.42594359;7.24271367;-1.625367269;40;0.6;700;70;20;1
26;97.7121313;15972.42697;107.5372322;23.61201176;17.24952351;33.76372867;2112.887853;42.38676395;10.96855634;-2.903000134;40;0.3;800;170;25;10
64;77.38978528;8031.994491;84.93389631;20.57727508;7.860247533;28.93476473;1408.218922;36.92267452;8.933202058;0.74959854;20;0.4;800;10;20;5
74;78.15204315;9991.046376;91.16361979;20.72028808;8.950223812;29.21448272;1592.475897;39.38970739;9.25325778;-0.212893419;15;0.6;100;200;25;30
46;81.19044284;10584.0388;92.44934955;20.80128016;4.306420446;45.26127427;3475.530073;58.31595573;13.8946453;0.039240292;1;0.1;600;50;50;30
46;76.04551802;9782.834447;88.58221515;20.6704566;-7.548232688;38.66040599;2483.986041;49.59377099;11.92700306;0.136915157;1;0.1;600;50;50;1
7;77.16204139;9335.335754;95.97755583;20.85600841;6.061880977;34.98757482;2320.611202;46.85778068;11.21131654;-0.327948704;10;0.3;800;170;50;30
8;80.19470667;10219.12732;96.89906731;20.88373879;9.888609542;14.23283458;342.9357985;18.36927469;4.792210704;0.863500872;30;0.5;800;20;50;30
10;81.4492831;11065.03231;95.58671071;21.21643146;11.33862603;22.034502;904.893026;30.030967;7.354117873;-0.086704841;40;0.3;400;70;40;30
80;82.48310541;11693.15153;93.94630973;21.37172876;12.60485805;23.50987497;1028.037004;32.03340707;7.836355814;-0.9160891;40;0.1;400;30;10;30
37;86.21549022;12470.52764;98.27210282;21.91613858;4.703709093;45.67232831;3505.159509;57.75659636;14.60955846;-3.514970576;4;0.4;500;10;25;30
23;83.83334716;10443.20218;97.73475565;22.24102382;8.137025514;21.4631705;882.4272445;29.51378714;7.275636908;-2.209851907;40;0.3;600;20;40;30
29;88.76934526;11477.0918;100.6129091;23.03330371;12.55825402;21.18169928;898.1526268;29.93269822;7.04601229;-1.398607872;40;0.7;400;170;10;30
