;Hyper_id;MAE_test;MSE_test;RMSE_test;MAPE_test;MPE_test;MAE_train;MSE_train;RMSE_train;MAPE_train;MPE_train;Window;Dropout Rate;Number of Neurons (each layer);Number of Epochs Filter Size;Batche Size;Prediction Window;Prediction Window
0;92;31.3894147;2330.121606;43.33026483;7.761477849;5.957943547;25.14777743;1187.357043;34.22653448;7.969412106;-0.972433726;40;0.2;80;120;25;70;1
1;42;30.44358179;2053.88599;41.38869655;8.245322321;1.075433725;40.13400942;2919.775699;53.47539809;11.75619435;2.147025527;2;0.4;90;170;8;30;5
2;39;33.04322763;2471.16296;45.81971551;8.701525851;2.113338901;39.35373234;2704.838168;51.36641388;11.63711684;2.23404143;1;0.1;20;150;8;100;10
3;97;56.49440874;7033.83151;66.59205783;14.08311891;12.33548431;40.08725266;2773.463001;52.38872787;12.52633038;-0.019664475;4;0.1;70;150;40;50;30
0;55;28.42726906;1599.570685;36.99377926;7.769036817;-0.202888859;29.93535813;1617.811925;39.7714216;9.131724839;-0.295709172;15;0.3;60;200;8;50;1
1;49;31.24537029;2082.351363;43.30279257;9.020034188;-2.681831264;41.69620033;3149.006459;55.2040786;12.72270037;-0.28043661;5;0.2;300;70;100;20;5
2;57;34.11443385;2356.159503;45.23746676;9.097378536;3.850235737;38.71781819;2735.943526;51.85852475;11.47880731;1.853734842;1;0.5;100;700;6;70;10
3;5;58.53668505;7692.823637;68.28919888;14.50833633;11.05996765;34.85031547;2167.634149;45.87012017;10.63248822;1.506938868;10;0.4;200;150;100;90;30
0;59;30.29536778;1991.668163;41.24416844;8.036914692;1.479577026;22.89014599;981.5955142;31.13957943;7.307407742;-1.605683982;40;0.4;30;200;7;50;1
1;65;35.0497052;2632.970259;44.39887549;9.212982174;5.324273161;36.83408543;2645.42949;48.99230723;10.58090815;2.813268982;4;0.7;40;300;8;10;5
2;69;33.66734427;2458.18475;44.14845457;9.479834602;1.084630087;40.99323263;2953.327721;53.78058096;12.58755202;-0.287090532;5;0.2;100;300;35;100;10
3;64;58.93820494;8053.673288;69.01074743;14.6958496;12.08437725;38.80090741;2640.601014;50.61301765;11.90529654;0.569244403;5;0.3;70;300;9;60;30
0;70;34.05723695;2298.059053;42.79008975;8.661719493;6.656765797;40.37427819;3186.359375;54.3570255;11.37003562;6.238801055;1;0.7;200;200;20;40;1
1;57;35.29502018;2658.534869;47.7631267;9.573944561;2.269601096;39.82744167;2823.525326;52.60893211;11.83949518;3.045861126;1;0.5;100;700;6;70;5
2;59;36.68042654;2560.269118;48.11856818;9.753693521;8.795559985;22.2776274;969.1606215;30.66508246;7.049151929;-0.173180879;40;0.4;30;200;7;50;10
3;15;58.99237918;6955.014737;69.74750855;14.71571268;9.478977993;28.78968381;1509.175737;38.29566995;8.888757776;0.904484541;20;0.4;300;200;90;20;30
0;38;32.54053718;2001.597414;41.87455958;9.105782896;2.918852526;17.53456833;701.8728398;24.76468874;5.331755099;-2.124774951;30;0.1;90;50;35;100;1
1;58;35.26640158;2335.771499;45.3125259;10.08947958;3.733344469;39.76773369;2568.745245;49.09920497;12.43756907;-3.66295742;1;0.3;100;10;100;20;5
2;64;37.12296118;3105.331769;49.67432774;10.07315858;-1.952282839;37.90980356;2466.872242;49.25459093;11.86460108;-0.624764896;5;0.3;70;300;9;60;10
3;8;58.75101114;8211.367694;65.72923447;14.7806633;10.08961763;36.77341083;2331.707771;48.11255332;11.79015393;-0.671133617;5;0.2;400;500;7;20;30
0;62;36.11219312;2278.594973;43.38747951;9.417135863;7.61496767;21.84805663;819.4989211;28.46381533;6.940939026;-1.351377294;20;0.4;300;10;80;10;1
1;59;40.63138564;3530.317071;51.86766135;10.2759499;6.714024111;23.27552169;1015.941014;31.5660216;7.471051739;-2.232190855;40;0.4;30;200;7;50;5
2;77;37.61278005;3026.67097;50.27559594;10.1576203;-1.211887715;37.53031342;2512.823608;49.68079408;11.46327836;0.933742002;4;0.4;30;500;40;40;10
3;12;59.18885375;7747.313056;68.18604264;14.9526645;12.51973225;43.09565843;3114.610336;55.01857092;13.26657021;0.112443648;1;0.1;30;85;70;20;30
0;56;34.55139595;2240.881626;44.11044187;9.436178082;4.736083942;34.77937211;2247.722286;46.82525971;10.35041133;1.323778621;1;0.6;80;300;80;10;1
1;41;37.75453783;2714.440246;48.01982783;10.30441811;2.950966612;40.02315573;2648.398764;50.8254514;12.16738496;1.053717099;4;0.3;400;85;60;70;5
2;34;38.70612267;3322.696471;51.64940451;10.37047898;-0.750533189;40.09907865;2806.782501;52.48011706;12.38771766;0.186985125;3;0.2;400;300;50;70;10
3;21;60.36234001;8553.704182;68.5490141;15.09086199;11.24983211;38.80258463;2606.114748;50.43216746;11.91334801;1.236676858;5;0.2;40;200;35;90;30
0;88;36.55708454;2580.692017;45.81060977;9.446294395;6.602736103;13.57740018;373.3879462;18.29927006;4.075872946;1.942234081;30;0.6;400;100;30;30;1
1;62;37.54584356;2188.968618;45.84085741;10.30754313;1.258115698;32.84582628;1772.048958;41.41190998;10.64067755;-5.553990802;20;0.4;300;10;80;10;5
2;12;37.75690679;2783.699154;48.98315085;10.38128233;-1.771060088;40.28459095;2599.10722;50.52332421;12.86931855;-2.213435858;1;0.1;30;85;70;20;10
3;99;60.02373635;7507.809555;71.34347063;15.19193492;11.0609127;39.73381611;2653.674572;51.04478658;12.38993594;0.409298621;3;0.2;30;500;100;30;30
0;91;36.43078336;2654.106349;45.8068716;9.510974666;5.026808174;14.1187475;399.2348784;19.36790349;4.218595204;1.336206044;30;0.7;90;170;90;60;1
1;22;38.56427779;3579.125827;52.74217911;10.32252663;6.127687163;43.85139146;3271.105514;56.393358;13.38144819;-0.025771699;2;0.1;100;120;60;70;5
2;93;40.37253709;3045.709476;50.07225602;10.42832482;3.615451888;30.83367155;1729.20507;40.77525695;9.46715352;0.964871152;15;0.1;60;120;90;20;10
3;14;62.60064882;8550.970365;72.93831658;15.48835364;13.43782655;38.91716441;2705.102429;51.65838536;12.05019039;0.298598657;5;0.2;100;200;80;100;30
0;42;36.03556574;2714.040397;48.48706485;9.740846894;-0.166925306;39.13122299;2605.829254;50.47147295;11.64923012;1.721372714;2;0.4;90;170;8;30;1
1;24;39.57214341;3254.092855;51.19943905;10.35077461;4.089610392;40.98973118;3006.382084;53.5111776;11.97872323;2.131729799;3;0.5;90;120;100;90;5
2;94;38.27310561;2594.728065;48.05610887;10.43611403;1.920366338;29.05807377;1494.830942;38.24907558;9.138243503;-0.857567318;15;0.3;80;1000;5;30;10
3;10;61.11131024;7370.459018;72.0992978;15.61385722;10.61570822;24.33432163;1087.988606;32.89077797;7.851001026;-1.094154884;20;0.1;100;150;50;30;30
0;0;37.7760551;2973.16195;47.1191663;9.742974757;4.130481079;22.79875716;943.7376915;30.29258281;6.892060417;0.496322481;20;0.7;70;170;100;30;1
1;40;39.3876525;2674.391603;49.05050627;10.39305882;7.450183052;38.44143706;2735.370936;50.99597644;10.97668854;2.74882701;3;0.5;50;85;15;10;5
2;56;38.84630263;3045.33654;50.50811259;10.46014534;6.492387667;38.93300271;2869.874211;52.16030915;11.28596084;2.305434693;1;0.6;80;300;80;10;10
3;49;62.68172261;8513.977415;71.26336899;15.62971955;9.575368472;39.16801929;2683.726855;50.96524641;12.4314256;0.15567384;5;0.2;300;70;100;20;30
0;37;37.73480696;2883.587173;45.99280066;9.792772165;5.798339966;36.58107077;2427.982486;47.31178321;10.63137154;4.51811233;5;0.7;40;120;100;20;1
1;29;38.14324111;2865.044921;46.89749804;10.52069956;2.084592607;42.3109868;3070.564399;54.91301774;12.96831843;-0.284139447;1;0.1;50;1000;5;70;5
2;70;40.54188219;3232.21964;51.1497171;10.47218206;8.223819626;42.24286068;3506.403034;56.73094116;11.96509824;7.039803633;1;0.7;200;200;20;40;10
3;57;62.26022561;8914.885272;73.43559105;15.62999471;13.04654495;40.18166071;2847.00064;52.8498086;12.10524779;2.166494036;1;0.5;100;700;6;70;30
0;39;37.64643545;2608.934607;47.25603614;10.04119225;3.348718643;38.33983507;2546.872114;49.37226129;11.49884687;0.761548595;1;0.1;20;150;8;100;1
1;39;40.90065815;3513.570145;53.58086475;10.57328792;3.112806604;39.87239948;2796.773643;51.84579834;11.8230962;1.08053905;1;0.1;20;150;8;100;5
2;68;38.8691928;3023.583417;49.60585666;10.58674189;1.513438772;41.26965028;2960.056823;53.97135318;12.68961579;0.170885827;2;0.6;400;700;6;10;10
3;34;61.53752033;7801.125747;72.0529498;15.63669519;11.76173983;39.91833971;2741.064475;51.99011244;12.7019282;-0.344451075;3;0.2;400;300;50;70;30
0;57;37.49530114;2706.410425;49.173272;10.04739894;1.343060293;40.33410199;2852.865523;52.95781994;11.74017138;2.151947239;1;0.5;100;700;6;70;1
1;10;36.18761082;2202.808078;44.60562146;10.59475922;-1.159519849;32.76481843;1907.203935;41.96099846;9.820070647;-1.453830744;20;0.1;100;150;50;30;5
2;22;39.31857137;3588.339826;53.66254838;10.70216395;1.853648149;42.49489215;3005.946085;54.41817108;13.05723032;0.595718898;2;0.1;100;120;60;70;10
3;31;62.88087308;8009.774357;74.10754059;15.67247985;13.00697089;23.86457568;956.5001744;30.88643322;8.199952731;-1.687726179;40;0.3;30;50;20;40;30
0;65;39.5035187;2980.942549;50.83128276;10.05347393;5.467734791;36.28062356;2466.589717;48.91422565;10.60768586;2.224307723;4;0.7;40;300;8;10;1
1;56;39.28715504;2749.601054;49.34382509;10.68255666;5.531085794;35.36234952;2286.152375;47.23718599;10.56531807;1.269953777;1;0.6;80;300;80;10;5
2;36;41.45609905;3332.171175;52.55435088;10.94987977;7.790742641;42.10639189;3011.638517;53.11710028;12.59814318;1.068280283;5;0.2;300;70;80;70;10
3;0;64.58880469;8754.166181;75.39789189;15.84735704;12.60080183;23.40876762;1036.881636;31.53159047;7.034829742;2.080413155;20;0.7;70;170;100;30;30
0;40;40.41135285;2718.47351;48.44200313;10.27706754;7.798403976;39.98827023;3089.411643;52.62281922;11.0815352;4.326943131;3;0.5;50;85;15;10;1
1;12;40.47470742;3188.454071;50.76308685;10.68943644;0.528125123;38.53308609;2747.207387;51.82390672;11.90848551;-1.084920623;1;0.1;30;85;70;20;5
2;65;43.03630793;3694.60154;54.06680545;10.96419372;6.558661365;36.15134723;2494.915068;48.80128464;10.72276451;2.494676569;4;0.7;40;300;8;10;10
3;93;63.47449029;8361.313681;72.6323369;15.89473498;11.52074108;30.65417647;1684.691691;40.62219515;9.580873161;0.348276666;15;0.1;60;120;90;20;30
0;10;40.23879409;3145.441675;50.92542942;10.29663894;7.022673939;23.00068771;962.5098345;30.47876282;7.156903698;0.335144153;20;0.1;100;150;50;30;1
1;70;40.8880648;3056.748914;51.53188427;10.89675963;8.316651138;44.47125737;3660.028233;58.54293974;12.75299696;7.668519165;1;0.7;200;200;20;40;5
2;4;38.80218256;2742.57536;48.9761542;10.99728159;3.662977309;41.48863189;2988.830018;53.43337969;12.43872583;1.572067319;5;0.2;30;50;5;70;10
3;42;63.52909261;8447.18993;73.14299896;15.95052276;13.38393761;39.97093126;2784.683081;52.26267283;12.1305994;1.448839292;2;0.4;90;170;8;30;30
0;31;39.97727791;2964.035513;51.12563693;10.38801565;6.551431371;25.8215215;1576.079061;37.08504265;7.738045896;-2.005968945;40;0.3;30;50;20;40;1
1;26;43.38558424;3499.074165;54.03621748;11.17870704;8.41940252;40.293479;3008.267214;52.96434463;11.50218423;5.229457323;1;0.3;60;100;6;80;5
2;97;40.17747233;3097.863135;51.11933833;11.00301687;-0.095625049;41.16061078;3008.110569;54.35789059;12.5266757;0.082785322;4;0.1;70;150;40;50;10
3;47;64.47483038;8621.790184;77.35745375;16.0454318;15.10546554;6.924007277;84.19870872;9.07439221;2.283087118;0.062901133;30;0.4;100;1000;25;30;30
0;47;40.87663431;3432.748611;53.55384966;10.39433995;9.840999849;6.337246799;79.498632;8.619279868;1.99111221;0.419318493;30;0.4;100;1000;25;30;1
1;68;42.77713947;3568.230032;55.63481882;11.5180572;3.816183914;41.70288819;2967.211338;53.98960435;12.71654726;0.405733583;2;0.6;400;700;6;10;5
2;99;41.70740434;3522.829392;53.77183375;11.0698097;-1.385860848;40.01494832;2815.741279;52.40994879;12.15704074;1.096928128;3;0.2;30;500;100;30;10
3;55;64.11970422;8368.570451;76.25604337;16.1864413;13.50270049;30.10550774;1632.368154;39.99337363;9.405857699;1.048845321;15;0.3;60;200;8;50;30
0;90;40.18116005;2844.798877;50.98673842;10.40048504;9.24579172;43.59486295;3850.699042;59.25451243;12.17232041;6.969546933;2;0.7;40;500;25;60;1
1;69;40.63239426;3035.313443;52.16731548;11.61389625;2.165300296;39.78555536;2699.678633;51.32893997;12.33578399;0.0398667;5;0.2;100;300;35;100;5
2;48;42.80267727;3407.316909;53.23443174;11.06993538;7.225817335;40.75454119;2923.354116;53.42951133;12.11582596;3.388062793;5;0.2;90;50;25;50;10
3;39;66.87599189;8229.003943;74.18138587;16.229906;13.67619659;40.47146289;2881.184081;52.53076135;12.17600707;2.329427251;1;0.1;20;150;8;100;30
0;43;40.50768787;2637.756721;48.45537219;10.44704548;6.391017878;30.67794267;1581.769207;39.2093202;9.261564931;2.393905247;15;0.1;70;50;40;60;1
1;4;45.00799722;3436.94934;53.68096232;11.6219577;7.702880653;39.36067619;2545.686959;48.80186671;12.29506057;-0.35587909;5;0.2;30;50;5;70;5
2;47;46.28059406;4769.765148;60.46464881;11.29220493;9.812690474;7.484119762;127.2896547;10.48389435;2.211845734;-0.18748343;30;0.4;100;1000;25;30;10
3;69;62.02600983;8519.961641;71.83625103;16.24161084;8.642381572;37.80831036;2449.206706;49.07172707;11.83746516;0.342031097;5;0.2;100;300;35;100;30
0;35;39.89977743;3093.723242;52.91112864;10.45118634;3.347328069;38.8900135;2627.578729;50.98471164;11.80050895;1.581144137;3;0.7;100;1000;70;40;1
1;78;45.29073559;4025.819289;56.11636004;11.65282693;3.94271037;32.00454472;1819.178357;41.4874938;10.31319228;-3.689280995;3;0.3;300;20;25;70;5
2;14;41.11455938;3801.425218;53.31568591;11.36890243;5.207995968;41.35059111;2907.385857;53.34030111;12.72313208;0.02252871;5;0.2;100;200;80;100;10
3;60;65.46292057;8342.173023;75.80301697;16.4560965;9.894691457;23.59095503;1028.173853;31.87883842;7.475437203;1.333897906;20;0.2;200;120;50;20;30
0;94;40.76830291;3281.825341;52.14426362;10.51595351;3.906130159;34.35964632;2374.956037;45.93426658;10.56275688;-3.111996916;15;0.3;80;1000;5;30;1
1;37;46.20896802;4035.126866;55.79138115;11.8953355;10.23143733;43.24348784;3851.216789;58.91456345;12.00032867;6.409964476;5;0.7;40;120;100;20;5
2;10;45.10556332;4117.498545;56.03203492;11.37520951;4.871557428;26.99539075;1401.474232;36.92040684;8.489410723;-1.66979392;20;0.1;100;150;50;30;10
3;27;66.92331917;8092.144913;77.28054023;16.45918488;13.18349912;30.13368189;1616.79384;40.07918763;9.342442252;1.847400009;15;0.2;90;100;25;100;30
0;15;41.81739032;3475.151404;53.6519975;10.68165021;6.765463882;24.09915144;1055.399019;32.0318789;7.486104898;2.456180666;20;0.4;300;200;90;20;1
1;97;44.87533787;3967.203422;59.00512307;11.96120391;2.403895063;38.96215979;2519.86057;49.8100489;12.05305772;0.629014754;4;0.1;70;150;40;50;5
2;35;42.16707417;3221.676748;55.01043258;11.53378397;0.664018463;38.88454527;2618.518519;50.79407197;11.91428013;1.358032414;3;0.7;100;1000;70;40;10
3;98;63.36498249;8050.891668;73.3464959;16.62691892;9.613709686;27.74433682;1441.276387;37.76725119;8.870218561;-0.08733541;15;0.2;300;500;30;50;30
0;80;38.83605517;2772.145695;50.20288747;10.88958254;0.534739948;25.52016577;1119.831722;32.34284521;8.039562429;-4.314645993;30;0.1;30;30;100;100;1
1;0;44.02764286;3473.385268;55.25160076;11.97369812;2.791412531;23.58566244;1057.034192;31.80320164;7.236695463;0.171261027;20;0.7;70;170;100;30;5
2;60;46.44669202;3613.193304;56.51649636;11.58530885;10.37408825;26.11224312;1242.00058;34.40352217;7.936990223;1.60222333;20;0.2;200;120;50;20;10
3;22;67.10208973;9790.714787;75.8051025;16.676965;13.92023418;41.45139281;2986.915293;53.62267055;12.77192927;0.754898862;2;0.1;100;120;60;70;30
0;64;42.99471875;3659.078181;57.0609119;11.02345526;5.120570045;37.45544423;2388.37033;48.22514338;11.33318433;1.808734307;5;0.3;70;300;9;60;1
1;94;44.76937127;3589.591415;56.7690893;11.99452593;1.11044037;28.43618007;1498.005709;38.28793157;8.908946851;0.076558696;15;0.3;80;1000;5;30;5
2;8;43.05480594;3897.965601;55.97318507;11.6824726;2.382916083;41.21826546;2852.105093;52.97053106;12.64990909;2.499802411;5;0.2;400;500;7;20;10
3;11;65.49703144;8019.799543;71.94467223;16.69538192;11.04979778;38.74846706;2625.779178;50.74162449;12.18378628;-0.280799671;4;0.1;50;300;6;10;30
0;98;43.48481419;3471.081131;55.49117936;11.02632918;4.338416827;29.51913132;1480.477225;38.18722507;9.283409619;0.353615002;15;0.2;300;500;30;50;1
1;60;45.2366202;3572.359351;56.91113874;12.03319294;1.910431224;27.44274669;1328.498477;35.72577799;8.691546135;-3.765923863;20;0.2;200;120;50;20;5
2;29;43.35339743;3583.991989;55.8793001;11.68706945;4.766143186;41.97209386;3025.026643;54.39526131;13.01219244;0.42293386;1;0.1;50;1000;5;70;10
3;56;67.22961667;8482.508781;78.36973454;16.91384516;14.28125918;36.68383646;2360.852961;47.9501928;11.12915362;1.036982794;1;0.6;80;300;80;10;30
0;60;43.67597556;3485.793637;54.19641734;11.40577739;6.601830168;25.94211412;1357.405146;35.4781834;7.57050849;1.929216865;20;0.2;200;120;50;20;1
1;90;47.3687493;4078.187268;58.7809976;12.07153202;10.41646366;41.64605018;3580.794817;57.49336766;11.68152605;5.931870776;2;0.7;40;500;25;60;5
2;90;46.93859945;4030.99183;57.35315627;11.89823355;10.16557512;39.49397855;3184.320914;55.00993649;11.32013612;5.177348686;2;0.7;40;500;25;60;10
3;13;64.70776946;7723.332945;72.70071264;16.91591254;10.25407199;34.32001898;2162.76731;46.37721164;10.83504247;0.130345109;10;0.2;80;700;90;20;30
0;18;43.42496991;3761.221684;58.49965268;11.50102102;3.54207651;41.89141465;2923.816706;53.542797;12.87676679;0.201509052;4;0.1;200;70;6;40;1
1;8;44.67075262;3843.350638;56.31329516;12.0775124;-0.027342061;40.62575175;2837.691245;53.16140283;12.68683473;-1.785699449;5;0.2;400;500;7;20;5
2;21;45.86301411;4257.195786;58.93086109;12.23618076;-0.413116227;37.99741468;2620.738405;50.25647383;11.4967395;1.312455251;5;0.2;40;200;35;90;10
3;77;67.92025224;9664.095158;77.81587581;16.93351268;13.74215423;37.9075722;2527.388997;50.0009628;11.68040512;1.691967886;4;0.4;30;500;40;40;30
0;12;43.73004186;3535.510753;54.54705013;11.50507601;5.305376245;40.59111354;2718.093058;51.61538952;12.38194359;0.338444073;1;0.1;30;85;70;20;1
1;13;45.70027951;3840.658954;58.73163469;12.14997631;1.211745111;33.64740113;2064.970805;44.91564105;10.41159699;-0.058547268;10;0.2;80;700;90;20;5
2;15;50.73192605;6488.040217;67.06554557;12.26870292;9.209077897;24.32586494;1270.992795;33.98002015;7.499353712;-1.756845345;20;0.4;300;200;90;20;10
3;33;65.3390208;8005.005656;74.52235777;17.02203639;9.844318931;38.38477083;2565.190457;50.32820873;12.10638614;-1.382310819;5;0.7;400;500;8;10;30
0;6;45.24180978;3888.81079;55.17154942;11.63550627;10.41993499;22.57551755;982.8805856;30.96319774;7.209757045;0.709656743;40;0.6;40;100;90;80;1
1;88;47.28557712;3965.165313;59.09463571;12.18056491;7.480205651;13.62305086;350.9954098;18.42798552;4.318311174;0.073499862;30;0.6;400;100;30;30;5
2;11;42.87209761;3120.279988;52.42471412;12.36814046;-1.522361549;41.59688279;2975.073197;53.87647173;12.79650578;-0.20840787;4;0.1;50;300;6;10;10
3;36;68.6919957;8798.945471;76.42338182;17.18742459;13.06656156;43.30912914;3130.215119;55.15774216;13.40028899;0.103410319;5;0.2;300;70;80;70;30
0;25;45.86457382;3692.597479;55.90206356;11.65678891;8.557781067;39.10018874;2487.92736;49.07975974;11.5121722;4.563502128;3;0.3;70;70;30;70;1
1;55;49.21632193;4713.484463;62.93459068;12.32733634;9.157944924;28.43248922;1529.824793;38.48386017;8.804401146;-0.323306119;15;0.3;60;200;8;50;5
2;42;46.32624382;3916.79294;59.48083468;12.54684979;3.433890434;40.66363985;2935.776867;53.2389856;11.91671793;2.410225271;2;0.4;90;170;8;30;10
3;95;66.98975955;9431.789211;77.82834701;17.18760018;6.151876028;25.57806988;1755.194641;30.70557007;8.506636104;-6.63512354;30;0.4;200;500;50;60;30
0;13;42.45836715;3217.585073;54.13706055;11.66290002;0.049945842;35.58872948;2262.62521;47.40083231;10.92839941;0.548577461;10;0.2;80;700;90;20;1
1;67;47.68833796;3799.29185;54.7996886;12.33513355;6.971194475;22.95449049;980.9641812;30.92952838;7.358673492;-1.063010094;40;0.1;300;120;30;100;5
2;85;48.81202601;4379.235281;60.79370668;12.57860276;5.427657568;39.83226435;2779.628959;51.73912928;11.89185729;2.281339777;5;0.3;70;85;8;50;10
3;84;69.38088266;9483.738671;80.84917787;17.21921628;12.42248909;14.84375037;446.5050285;20.4777829;4.63545518;-0.556917792;30;0.1;30;100;35;30;30
0;24;46.89153092;3915.750175;55.06121045;11.81159235;9.087079048;43.77316354;3693.462087;58.48380657;12.18253827;6.007317467;3;0.5;90;120;100;90;1
1;96;44.87785202;3607.127548;56.07270071;12.34441956;5.618282586;36.06764613;2218.18035;45.97707866;11.27621105;0.210731426;5;0.3;300;20;60;70;5
2;37;51.14982161;5108.205299;62.15651304;12.58063975;11.53973992;37.78446918;2654.433887;50.12631333;10.70105895;5.153332832;5;0.7;40;120;100;20;10
3;88;71.44554175;11404.20155;83.69492322;17.22503101;12.71377564;13.70503309;343.4786245;17.92637331;4.770125698;-2.31218096;30;0.6;400;100;30;30;30
0;5;44.92443839;3877.446084;55.37282912;11.82023631;6.989437579;31.43394185;1766.637601;41.13216208;9.621034987;0.380585251;10;0.4;200;150;100;90;1
1;35;47.97347825;4015.268889;61.08874308;12.37430875;3.933765188;38.5573056;2620.715167;50.8377424;11.77024276;1.38022282;3;0.7;100;1000;70;40;5
2;33;46.40240354;4048.258975;58.09181013;12.8297513;-2.070067032;37.01165845;2407.692044;48.6879024;11.5948308;-0.308642506;5;0.7;400;500;8;10;10
3;67;70.33798866;10162.18272;83.23977155;17.24995372;14.9226148;21.40182321;827.8041936;28.7199392;7.291192989;-2.439088682;40;0.1;300;120;30;100;30
0;77;44.31100552;4376.499843;59.78358281;11.83431745;-2.131483377;38.61511541;2574.985888;50.48972825;11.6447724;2.055423279;4;0.4;30;500;40;40;1
1;77;48.4420396;5146.140095;64.1613266;12.60773671;-1.884208899;37.30236923;2518.268465;49.71801239;11.34200826;0.725986217;4;0.4;30;500;40;40;5
2;27;51.7318692;4526.285881;63.65288696;12.97736962;12.14977365;31.15297941;1742.895505;41.12691595;9.223299332;2.949040724;15;0.2;90;100;25;100;10
3;81;70.0346273;9325.059211;80.92024895;17.45098984;14.20339339;31.39352326;1796.431837;41.71206272;9.672863896;0.671070039;15;0.7;400;170;70;100;30
0;21;44.75962636;3810.672691;55.20400681;11.9073203;5.81416982;40.38214691;2752.538405;51.82682998;12.05550094;1.558317266;5;0.2;40;200;35;90;1
1;15;48.25344578;4182.488826;60.24108666;12.66935295;3.293277566;26.56676856;1373.866201;35.53435373;8.244173344;-2.804291844;20;0.4;300;200;90;20;5
2;49;49.07298938;4692.946815;63.25138042;13.01821541;6.984838648;38.22198334;2430.674205;48.76964766;11.84648518;-0.119435135;5;0.2;300;70;100;20;10
3;48;69.52444007;8791.03224;77.49827953;17.49733903;11.93713665;42.16051342;3079.346282;54.9611556;13.09401151;0.074527009;5;0.2;90;50;25;50;30
0;97;45.23608452;3579.452245;56.9722627;12.08843825;3.490738528;39.25870651;2583.969968;50.45257287;12.24356019;-1.195172256;4;0.1;70;150;40;50;1
1;82;49.63644037;4501.494376;60.33218919;12.70693794;7.304820747;39.43877174;2730.521962;50.60171296;11.55420529;4.319512575;2;0.4;50;100;25;100;5
2;2;48.67877755;4421.789974;60.90352592;13.03293276;5.408349285;39.9474812;2722.884556;50.21732065;12.18761755;1.774098861;3;0.3;80;50;9;100;10
3;35;70.47855973;9246.410475;80.70705032;17.54359001;14.41526478;38.22907478;2519.585288;49.73993665;11.88248353;0.267054533;3;0.7;100;1000;70;40;30
0;82;48.76292485;4319.637813;57.75136511;12.13731332;9.112867303;39.95721789;2999.736341;53.30608075;11.13733138;6.189922026;2;0.4;50;100;25;100;1
1;66;50.75081362;4345.197632;62.90040596;13.16221806;3.253222614;32.85053358;1852.57727;42.71074527;10.2133324;-0.006040274;10;0.7;70;700;25;10;5
2;0;52.10108362;5490.058176;64.67598362;13.1668656;7.080722142;22.84250371;978.1861652;30.46965543;7.058925972;1.258452658;20;0.7;70;170;100;30;10
3;1;69.84196952;9113.582036;79.10399921;17.59311134;13.25490679;40.1757049;2843.304628;52.69204648;12.27794241;1.256421067;4;0.6;400;70;80;30;30
0;67;48.93624979;3987.123438;58.14285209;12.29420481;10.72692872;23.77834252;1039.101636;31.85734447;7.513202182;-0.025570386;40;0.1;300;120;30;100;1
1;92;47.26577459;3731.676982;57.05788727;13.29757416;3.028839352;22.49502211;974.9862942;31.01446541;7.100139592;-0.036089066;40;0.2;80;120;25;70;5
2;18;49.28351996;4529.06798;59.64999166;13.25713039;-0.160683567;42.87491062;3174.845563;55.45485264;12.99640703;0.700316787;4;0.1;200;70;6;40;10
3;68;71.06508579;8895.340507;83.09758351;17.65194041;14.46155532;39.9442152;2708.788613;51.43662012;12.38858;0.684392583;2;0.6;400;700;6;10;30
0;66;49.02003007;3968.520356;59.24455617;12.35232047;4.615356167;34.32452935;2091.926791;45.09713532;10.41558872;0.641790069;10;0.7;70;700;25;10;1
1;23;49.06484319;4504.086585;58.2665455;13.34355349;10.11190583;32.50365591;1752.262776;40.62815988;10.06783763;0.706523101;15;0.3;60;20;7;30;5
2;82;52.99790392;4498.858147;63.02180742;13.27794454;9.756730302;48.79552529;4795.762658;64.34393082;13.68812823;6.123287775;2;0.4;50;100;25;100;10
3;86;71.00784317;9627.120546;79.51949951;17.73672579;13.12785822;41.32561969;2866.892901;52.8182575;12.80846529;0.600334728;1;0.5;300;100;100;40;30
0;4;49.66353424;3958.180371;59.88426106;12.53818437;7.324103736;48.38032869;4008.207485;61.10888417;14.28094222;2.816655048;5;0.2;30;50;5;70;1
1;47;49.05151716;4498.622118;63.03165158;13.64203896;4.211438784;6.954480443;95.7777938;9.171900144;2.230229416;-0.220255622;30;0.4;100;1000;25;30;5
2;95;51.46802187;4391.339239;63.61197437;13.37757857;7.597873658;11.92765923;306.9886375;16.34358666;3.567512184;-0.117797716;30;0.4;200;500;50;60;10
3;2;71.21052873;8958.484064;80.30954429;17.84294653;16.48422752;43.70772295;3496.37852;57.46105956;13.17131744;3.218556828;3;0.3;80;50;9;100;30
0;11;46.9737755;4329.930064;59.95966253;12.54670307;3.787390253;39.75124433;2694.803235;51.67398591;12.4637657;-0.240347555;4;0.1;50;300;6;10;1
1;31;53.42808762;4816.363526;62.9729837;13.67726534;12.8708562;26.18223217;1203.453836;34.29799113;8.401938956;-2.633386177;40;0.3;30;50;20;40;5
2;24;52.22926349;4785.982118;62.25132825;13.51166392;8.313412401;39.41722023;2905.343376;52.19957872;11.32339067;5.753451443;3;0.5;90;120;100;90;10
3;66;70.68780045;8837.19144;80.2063326;17.90191872;12.00203519;31.68625115;1791.517161;42.16843823;10.02857133;-0.099330378;10;0.7;70;700;25;10;30
0;22;47.90893863;4146.482664;60.08998788;12.60028693;3.788624369;43.58313061;3133.479013;55.62561365;13.28913449;0.33369585;2;0.1;100;120;60;70;1
1;64;53.36242604;5030.418694;65.51229544;13.9789459;-1.14330471;37.83013816;2447.070949;48.88144152;11.53238422;0.547026766;5;0.3;70;300;9;60;5
2;86;52.39237247;5201.267246;64.05700961;13.5646388;1.396214096;42.27479;3119.698821;54.89636493;12.6049133;1.416960977;1;0.5;300;100;100;40;10
3;73;72.21654187;11400.37994;82.10027772;17.91848855;15.95382451;42.17670711;3105.964368;55.16713677;13.10633892;1.263608898;4;0.1;80;50;80;60;30
0;29;47.08856998;4705.191926;60.54554399;12.6443656;4.91802452;43.21306957;3195.038633;55.90533604;13.23596342;0.567128437;1;0.1;50;1000;5;70;1
1;87;50.52761099;4127.114331;62.42457798;14.0094766;0.138158266;42.24560398;3184.869633;54.89195654;12.8176572;-0.257377959;5;0.1;40;100;35;70;5
2;40;53.83883911;5351.058884;64.97315303;13.66032312;11.81501711;38.13044423;2746.508445;50.81381096;10.95533511;2.732024994;3;0.5;50;85;15;10;10
3;87;73.97020655;10028.68583;83.36212662;18.02725738;15.09280199;39.2435693;2667.731683;51.26828245;12.38169001;0.414032416;5;0.1;40;100;35;70;30
0;86;47.74720262;3846.443826;56.94778658;12.69505857;7.390480273;41.57202298;2917.449677;53.06805985;12.28749054;3.349961226;1;0.5;300;100;100;40;1
1;86;55.33962941;5075.245145;67.23786145;14.19138082;7.556701069;41.91401947;3083.198822;54.48964096;12.47768282;3.290848413;1;0.5;300;100;100;40;5
2;13;48.27019397;3922.619759;60.53841239;13.94314848;-0.072728481;36.51602505;2552.195877;49.91599058;11.28851182;0.738149839;10;0.2;80;700;90;20;10
3;18;70.79977349;9350.264892;80.78812773;18.05579168;15.26519469;41.43166467;2889.491718;53.20031517;13.00690667;0.529151855;4;0.1;200;70;6;40;30
0;93;50.01101288;4585.806736;59.42140575;12.73276629;2.753212339;33.61511;2012.309955;44.55602093;10.48039051;-1.264864358;15;0.1;60;120;90;20;1
1;36;54.7441725;5109.701164;67.30213754;14.26534939;10.61158179;42.68311577;3230.163548;55.49350201;12.37299998;3.342822662;5;0.2;300;70;80;70;5
2;38;55.03892476;5346.880883;64.97994121;13.94383125;11.36904387;23.53981945;1240.52971;32.20366862;6.968813129;-4.125530042;30;0.1;90;50;35;100;10
3;24;72.534604;10255.30599;82.27211212;18.1087966;15.69362195;43.84008099;3626.401897;58.36712629;12.67278115;4.224121738;3;0.5;90;120;100;90;30
0;99;48.42387374;4534.388255;62.15171841;12.76278708;4.227876639;38.20136753;2572.466226;50.32308475;11.76054771;0.472973916;3;0.2;30;500;100;30;1
1;43;55.35462082;4935.623352;64.15100852;14.29790359;9.936176742;34.39389571;1949.343296;43.75443946;10.45843724;0.613013226;15;0.1;70;50;40;60;5
2;87;53.68016263;6735.378576;68.20401071;13.97656398;0.468607762;41.95452743;3015.504173;54.1939091;12.77233046;1.909494416;5;0.1;40;100;35;70;10
3;41;72.05260095;10025.11073;82.7532261;18.11778063;11.11726138;42.54509669;3205.369067;56.02201958;13.15072753;0.559015729;4;0.3;400;85;60;70;30
0;89;49.46820185;3879.057787;57.72550296;12.88126505;7.632810791;32.93012342;2060.951346;43.1159552;9.772376879;2.423426682;1;0.4;50;50;40;60;1
1;99;50.99482787;5098.610142;66.85602416;14.35017575;-1.664896889;52.50465689;6086.399848;68.64257998;16.79314805;-5.958359562;3;0.2;30;500;100;30;5
2;66;52.19003097;4104.951683;62.59975249;14.00895797;1.22756133;34.1760022;2025.354454;44.73729734;10.64491753;-0.630689655;10;0.7;70;700;25;10;10
3;61;72.85005407;10331.49736;81.77535716;18.33978244;14.89742669;42.18370091;2985.418738;52.93710741;13.28279288;0.535636121;3;0.4;300;50;9;80;30
0;52;51.4879402;4596.798912;61.81345724;12.95460213;11.1480303;27.88667836;1368.636943;36.6977964;8.393765593;2.732912376;15;0.2;300;85;90;90;1
1;14;54.25309657;5287.261712;68.97845217;14.36465268;2.820306704;40.3127668;2780.1537;52.05854093;12.28172615;0.18981518;5;0.2;100;200;80;100;5
2;1;55.14374904;5499.506559;66.63253364;14.10268228;3.382717061;37.94042972;2536.119666;49.40253279;11.32995149;1.843480684;4;0.6;400;70;80;30;10
3;52;75.44452169;12018.48773;86.85795876;18.37363169;16.84637908;33.49856254;1926.437931;43.17284659;10.32156067;1.27411139;15;0.2;300;85;90;90;30
0;27;50.82865304;4514.45975;62.4336677;12.99562286;5.870352795;27.80109926;1347.156153;36.28979282;8.648709673;1.051798933;15;0.2;90;100;25;100;1
1;34;55.1081191;4987.781513;65.80692243;14.42818621;-0.635609899;41.36831993;2907.580238;53.3852569;12.84469264;-0.32870172;3;0.2;400;300;50;70;5
2;92;55.58560797;5185.088679;67.70746132;14.18944874;9.593782884;22.65346203;982.0946901;30.64849356;7.3430734;-1.402152959;40;0.2;80;120;25;70;10
3;85;74.50412205;10333.94781;81.74959167;18.46842472;13.7015334;41.35686554;2986.454235;53.73558971;12.56020162;2.135226494;5;0.3;70;85;8;50;30
0;69;49.21975162;4534.016662;62.5469789;13.28590078;4.128758763;36.99621263;2375.577883;47.95109559;11.6020547;-0.928595416;5;0.2;100;300;35;100;1
1;3;56.53862179;5367.431954;64.46257272;14.47695595;10.56408082;36.05358195;2220.496358;46.90796953;10.56698415;4.853826449;2;0.6;200;100;6;80;5
2;46;46.74258148;3680.156724;58.2419552;14.20481285;-3.429003116;42.74193666;3283.970578;55.72897307;12.86662922;3.25002462;1;0.1;70;30;60;70;10
3;29;66.68780207;8542.377694;77.87179478;18.55211834;5.613011091;42.14689203;2935.500949;53.81461229;13.25561794;-0.32048714;1;0.1;50;1000;5;70;30
0;84;50.5622206;4189.806472;60.45874062;13.31282678;8.507609114;14.20882917;475.6409832;18.96094381;4.267271965;0.535244169;30;0.1;30;100;35;30;1
1;21;54.74756456;5384.991429;68.24091966;14.48191015;3.684065452;38.72920024;2550.386775;49.8554505;11.71012792;1.579520895;5;0.2;40;200;35;90;5
2;25;56.856159;5243.173513;67.0152118;14.28922441;12.20970829;40.62632472;3024.293185;53.93371801;11.59103805;5.765449378;3;0.3;70;70;30;70;10
3;94;73.26337515;9411.179078;83.2694674;18.62971899;13.59338629;28.27542493;1472.316574;38.23172522;8.955255691;0.446928994;15;0.3;80;1000;5;30;30
0;33;51.03095858;4698.552966;64.08275572;13.42483819;4.537512992;38.98414763;2554.92787;50.22260098;11.97258485;0.611151358;5;0.7;400;500;8;10;1
1;18;54.53842204;4604.780021;64.09917795;14.5329936;2.681503896;43.87205419;3182.694716;56.03597118;13.5921345;-0.083685385;4;0.1;200;70;6;40;5
2;62;58.69172241;5839.281304;69.19633054;14.41971158;8.492085952;28.36544129;1575.459729;37.42146281;8.905503438;-2.90040542;20;0.4;300;10;80;10;10
3;89;74.18236337;9797.632169;86.01332214;18.75626208;18.07232434;51.71131347;4929.620646;67.34646601;15.15128491;6.884750781;1;0.4;50;50;40;60;30
0;9;51.72172381;4853.498195;60.9429201;13.54333077;10.9642133;41.17842056;2956.031951;53.23261413;12.02037068;5.267256084;1;0.6;400;120;90;90;1
1;33;55.43733113;5309.203072;68.53012306;14.61241238;1.648199598;39.63092906;2704.183624;51.50584003;12.12995591;0.480634132;5;0.7;400;500;8;10;5
2;89;55.53026756;4754.541105;64.49016395;14.45392781;11.01174481;41.98921021;3204.120501;54.80149818;12.08243806;5.826121477;1;0.4;50;50;40;60;10
3;40;75.75023541;10617.55091;88.93679451;19.05417603;12.73558696;40.0326018;2826.931836;52.0922675;11.75098329;3.916414922;3;0.5;50;85;15;10;30
0;68;51.66644059;4853.973972;65.60675573;13.61205447;5.645586884;40.76734952;2798.518141;52.59382366;12.4419884;1.000427661;2;0.6;400;700;6;10;1
1;25;57.78633741;5410.986294;67.56689224;14.8404143;13.66197207;45.60846349;4024.964988;60.2496803;12.68339511;7.675548025;3;0.3;70;70;30;70;5
2;6;58.2283951;6707.87269;70.46266335;14.51773232;10.54416542;21.64137459;908.2841751;29.67654976;6.987052174;0.046018386;40;0.6;40;100;90;80;10
3;70;76.67305503;11481.85049;85.94370972;19.32521569;17.58746956;44.32975836;3615.043795;58.46646481;12.91458493;6.773569356;1;0.7;200;200;20;40;30
0;14;49.60627437;4268.919279;61.5318507;13.67128805;3.548921238;42.80077257;3103.570783;54.89804249;12.86253936;0.630210677;5;0.2;100;200;80;100;1
1;6;58.89637642;6612.060393;69.12958265;14.8479428;13.8595643;23.4981235;1047.518198;32.22972254;7.557839382;0.204302004;40;0.6;40;100;90;80;5
2;83;57.61686168;5890.963651;71.02156173;14.71195231;13.31436511;31.81110407;2107.45031;43.35744547;9.764465978;-4.812374169;30;0.3;80;30;20;100;10
3;65;76.85502882;9910.308453;86.9376265;19.35158655;10.39713322;37.21851068;2474.764901;48.86556677;11.27971295;0.990758678;4;0.7;40;300;8;10;30
0;41;52.03942234;4673.297204;65.60244283;13.75537279;5.422069479;40.328129;2797.966141;51.28362045;12.08808392;1.28396972;4;0.3;400;85;60;70;1
1;48;57.18418103;5105.334806;69.67332338;14.8876558;8.932233053;38.49167164;2523.48551;49.99187675;11.81874582;1.517133266;5;0.2;90;50;25;50;5
2;23;54.9321974;5469.396536;65.57612002;14.81523709;9.827347385;41.70409642;3045.110872;54.50934326;13.03555153;-2.301285374;15;0.3;60;20;7;30;10
3;92;75.85343804;10322.88306;87.75498659;19.42333435;18.94251076;20.73267606;826.1181163;28.70612916;6.910271513;0.079683073;40;0.2;80;120;25;70;30
0;48;53.73881904;4694.259049;65.34143794;13.84078934;4.998520238;39.75625774;2552.04089;49.75670073;11.95891427;3.194356044;5;0.2;90;50;25;50;1
1;85;58.47890652;5345.302251;68.51081951;15.08736955;6.46839206;40.00975606;2764.166254;51.73103609;11.88522547;3.324973401;5;0.3;70;85;8;50;5
2;75;60.09777185;5730.005769;70.41813356;15.03806529;12.39659637;35.27150975;2171.998552;45.76610634;10.40815471;3.57670896;10;0.7;200;100;15;80;10
3;59;76.0597362;9965.059351;87.91161617;19.51236158;19.27093198;22.61009397;957.6371387;30.66355198;7.385024657;0.285789763;40;0.4;30;200;7;50;30
0;74;55.24254292;4673.451591;65.29694082;13.8876046;13.57164384;45.34026677;4505.952179;63.64087276;12.0818143;8.031807208;3;0.5;40;150;20;80;1
1;98;55.76902395;6263.554094;72.35225462;15.27351296;-5.304010466;27.78377431;1497.050144;38.30702824;8.731904246;-0.327948467;15;0.2;300;500;30;50;5
2;41;58.93845077;6705.939389;69.10485138;15.14323895;12.04785228;40.37956848;2830.098542;52.89644835;12.08163719;2.177287491;4;0.3;400;85;60;70;10
3;58;77.06003203;10460.27718;87.18968302;19.59399052;13.01721623;47.40458284;3992.072708;62.27658635;14.41949409;0.333829574;1;0.3;100;10;100;20;30
0;23;48.93499779;4327.574808;58.24108361;14.01634825;5.774758955;30.70069604;1492.404694;38.31100648;9.969975603;1.068583058;15;0.3;60;20;7;30;1
1;74;57.71713935;4908.16087;66.32847715;15.32175681;13.72142474;44.44157768;3939.765675;59.35289732;12.26871956;9.123522311;3;0.5;40;150;20;80;5
2;9;58.70993748;5276.094653;67.54343847;15.52286775;6.717736074;40.38131175;2827.365814;52.02775489;12.04966913;4.296538387;1;0.6;400;120;90;90;10
3;91;78.4480781;12040.89111;89.48840829;19.73124181;16.6454475;15.36324052;414.8562307;19.78365519;4.912634119;0.797348372;30;0.7;90;170;90;60;30
0;75;57.93713695;5412.104457;66.56738456;14.27039294;10.91046329;31.19193668;1620.036979;39.84719493;9.433195222;5.901075835;10;0.7;200;100;15;80;1
1;95;57.59530686;5279.485243;70.39402103;15.43629672;6.556568066;11.94387345;303.1664523;15.7833153;3.557603646;0.300541124;30;0.4;200;500;50;60;5
2;26;62.27320943;6056.271686;71.47910104;15.62524503;14.39567064;42.60682821;3287.407058;55.80109195;12.22214502;5.494277906;1;0.3;60;100;6;80;10
3;90;79.73664608;11073.82396;89.41086636;19.88512606;18.99752725;40.48041614;3174.69473;54.31212943;11.80342363;5.299834196;2;0.7;40;500;25;60;30
0;36;55.34284633;5052.668063;66.43991163;14.30472377;6.209562275;41.17452853;2934.491897;52.82820016;12.0848667;2.141425734;5;0.2;300;70;80;70;1
1;38;60.23354356;5987.842323;70.41512169;15.5267987;15.19080876;18.80445358;707.84895;25.5695381;5.889383692;0.069769511;30;0.1;90;50;35;100;5
2;3;62.39799981;6035.800964;69.98614748;15.99213867;10.93803751;45.01281927;3513.915367;58.35396226;12.82299114;7.185856762;2;0.6;200;100;6;80;10
3;80;78.26824421;8933.416936;83.56988822;19.98132287;13.03210744;23.81106799;988.2676286;30.2658559;7.850921852;-2.496709303;30;0.1;30;30;100;100;30
0;8;54.20028248;4940.321435;67.09382186;14.54139785;1.771188922;39.36079894;2533.621564;50.0560666;12.41555779;-0.518141984;5;0.2;400;500;7;20;1
1;75;62.17361971;5564.738102;70.3990136;15.81088048;6.409951113;35.379757;1955.107104;43.80621119;10.79025247;2.779928893;10;0.7;200;100;15;80;5
2;43;58.8628435;5766.927674;69.70946366;15.99901354;9.199657846;31.05470441;1656.347228;40.38771411;9.505593274;2.147172164;15;0.1;70;50;40;60;10
3;75;83.57274733;12381.31174;92.70714352;20.19886343;17.09792637;36.71491695;2322.126307;47.78910903;11.14527305;3.516977367;10;0.7;200;100;15;80;30
0;81;57.48637961;5170.560604;68.5975178;14.647377;5.214955792;27.50092287;1264.655035;35.11856265;8.386870997;1.367735858;15;0.7;400;170;70;100;1
1;27;60.51413795;5382.521405;70.07715974;16.12934568;5.891228651;34.3503517;2027.184631;44.19283673;10.29203213;1.421964336;15;0.2;90;100;25;100;5
2;88;66.01972542;7606.139514;77.28475892;16.01430946;15.53714138;16.04039798;499.6009713;21.79945672;4.896557456;3.044011551;30;0.6;400;100;30;30;10
3;43;83.5075413;13055.85155;98.12986116;20.28194724;18.82466535;32.61762725;1902.480431;43.20530349;9.967772595;3.284305793;15;0.1;70;50;40;60;30
0;76;54.2340468;4374.992921;63.39504053;14.84393973;10.24677694;42.35991208;3612.155414;57.09645065;12.10105045;5.600583146;4;0.4;20;30;15;80;1
1;91;64.91318016;6583.295583;75.20782505;16.19811093;12.88468202;17.84077796;617.1713429;23.69476236;5.449315564;3.152889524;30;0.7;90;170;90;60;5
2;98;59.85450379;5402.017367;70.59008853;16.29940543;5.56208496;35.61179344;2219.823975;46.02782579;10.90516938;0.411066727;15;0.2;300;500;30;50;10
3;62;79.61079337;10116.67385;88.66003763;20.29716462;18.07696567;31.73557108;1605.621966;40.04266974;10.62340448;-2.394436415;20;0.4;300;10;80;10;30
0;34;55.75147602;5103.043163;68.21875238;14.95497917;4.184490144;40.4967437;2812.306691;52.67334022;12.55631983;0.001433867;3;0.2;400;300;50;70;1
1;80;59.59238649;4437.755798;65.35704795;16.34084247;4.563284573;39.35469013;3162.014692;48.92174734;12.04563263;-8.118618116;30;0.1;30;30;100;100;5
2;31;62.24277717;6342.921068;72.23172942;16.31270408;9.394574046;24.65593975;1137.529134;33.3527493;8.14517867;-0.874786094;40;0.3;30;50;20;40;10
3;37;81.70596164;11982.31526;90.5535826;20.54204451;19.25361593;46.95211186;4447.225332;63.58368435;13.16717897;9.413553627;5;0.7;40;120;100;20;30
0;49;58.26574679;5674.997384;71.03244838;15.47451536;3.483097254;41.88543894;3038.251218;54.47115519;12.99415282;0.518844375;5;0.2;300;70;100;20;1
1;73;63.8747533;6563.632379;74.97183931;16.49671828;4.987468241;40.99599795;2888.438678;53.15046522;12.28519791;2.190487296;4;0.1;80;50;80;60;5
2;74;66.18973642;6560.904123;75.3824307;16.32908079;15.88791898;46.90029057;4887.791317;65.87759211;12.41068002;9.017762881;3;0.5;40;150;20;80;10
3;6;82.22034621;12500.40758;93.55186849;21.0127245;19.13446559;25.8397645;1134.575852;33.14847418;8.639814681;2.72273529;40;0.6;40;100;90;80;30
0;46;54.13114373;5279.343955;67.89877844;15.68744418;0.254731038;45.45979563;3418.815847;57.11053431;13.38485399;3.624715598;1;0.1;70;30;60;70;1
1;89;63.63097503;6416.442216;71.34335385;16.61986015;14.6392824;39.86256132;3447.549159;55.08197041;11.05437225;5.396868113;1;0.4;50;50;40;60;5
2;44;62.99543616;6323.730058;74.07048256;16.49799656;15.83008052;39.16423562;2637.526256;50.59188787;11.46321735;5.160307426;5;0.6;100;50;9;50;10
3;79;87.52921346;12903.97146;98.35310858;21.59884188;20.7391322;35.24017347;1935.37641;43.61252303;11.69598085;-0.224254038;20;0.4;50;30;20;50;30
0;3;59.92304702;5439.093336;67.8204112;15.70392074;15.41129783;41.93227997;3124.727879;54.33425274;11.92821263;8.470595057;2;0.6;200;100;6;80;1
1;93;60.07713464;5645.939435;74.37340612;16.80102015;10.40119475;33.98103103;2055.456839;44.43371485;10.77197507;-0.096193693;15;0.1;60;120;90;20;5
2;61;65.09112152;6917.899541;73.08394503;16.97915354;7.400188495;38.68006541;2380.603393;48.16619511;12.11128024;1.669526387;3;0.4;300;50;9;80;10
3;4;88.32562785;12991.97018;96.49988418;21.60828518;18.44244049;46.85771933;3606.517069;59.47583176;14.38334703;1.449870285;5;0.2;30;50;5;70;30
0;28;59.57991789;5548.183402;69.24722663;15.77775074;8.276947358;40.95408629;2959.226408;51.85705237;13.04635016;-0.416903386;15;0.1;100;10;8;70;1
1;79;63.75113363;6351.235869;73.643196;16.99627453;12.82858897;32.04261898;1838.696898;39.95650774;10.08442471;1.455592673;20;0.4;50;30;20;50;5
2;81;69.92544816;7580.485843;81.55550689;17.56662136;13.77483069;28.75436225;1449.544372;37.4677506;8.633685988;3.381244547;15;0.7;400;170;70;100;10
3;96;83.83922783;10806.60306;94.19875706;21.66386755;17.44710096;45.01586819;3250.246075;56.22638602;14.63688964;3.101456927;5;0.3;300;20;60;70;30
0;78;63.33948883;6212.21032;71.56487544;15.83683544;5.119587814;34.51473225;1942.992748;43.37428119;11.04785017;-1.217426934;3;0.3;300;20;25;70;1
1;32;64.67997496;5665.749508;74.04441772;17.13572474;17.00985282;42.49062312;3358.747724;56.76373026;12.22620526;6.178377876;10;0.7;70;70;40;50;5
2;80;70.95740911;7945.774968;81.46907087;17.84744523;16.80733513;24.99074145;1039.38785;31.21276184;8.243352858;1.663197593;30;0.1;30;30;100;100;10
3;23;87.59641685;13488.41569;97.53682678;21.73611917;19.7417187;36.24988706;2480.03864;47.74339666;11.04318012;5.714562444;15;0.3;60;20;7;30;30
0;26;58.85693888;5374.8289;68.30592616;16.08986241;14.93591184;45.40592746;4170.651198;60.61114469;12.58095566;7.436732931;1;0.3;60;100;6;80;1
1;5;62.77103862;7077.927735;78.19216084;17.24329068;-1.555544604;37.05947452;2361.295713;47.73759369;11.27070677;0.535721916;10;0.4;200;150;100;90;5
2;96;68.94925809;7998.83322;79.06599498;17.97242136;11.95416445;40.03235955;2703.018434;51.29064122;12.43273275;3.149419445;5;0.3;300;20;60;70;10
3;25;86.81179502;11302.77206;94.14637484;21.97620066;15.63450778;48.44879361;4416.309735;63.70238918;14.14880229;4.187129825;3;0.3;70;70;30;70;30
0;79;66.26575218;6663.909086;72.54833357;16.64933102;13.28130238;25.59866722;1070.55284;32.42412063;8.075450212;3.972973782;20;0.4;50;30;20;50;1
1;53;67.60000708;6764.283034;76.52084823;17.52926341;17.07081868;47.46584024;4946.534771;65.7503925;12.48070268;9.366427763;2;0.6;90;100;90;80;5
2;5;67.94693475;7169.87918;78.00909666;17.97947708;3.476470165;40.44163759;2615.939978;50.44085075;12.4102337;0.018154513;10;0.4;200;150;100;90;10
3;74;91.01062698;14512.12676;97.72313127;22.32575616;20.60038888;46.75700701;4129.98191;62.10587664;13.28001082;7.721243673;3;0.5;40;150;20;80;30
0;85;63.41620202;6953.312927;72.98260364;16.65914724;3.039539007;41.17544983;2810.646348;52.14189355;12.31216639;3.358350082;5;0.3;70;85;8;50;1
1;9;69.99586276;7063.107085;79.04846565;17.56678852;6.170091024;42.05481899;2896.805623;53.33100668;12.63077783;3.981656006;1;0.6;400;120;90;90;5
2;79;74.77781385;8305.088574;85.37032535;18.75213097;18.30967018;29.28383924;1588.993948;38.42141329;8.973095948;-0.492595146;20;0.4;50;30;20;50;10
3;9;84.90847048;11739.08647;93.67254145;22.45416511;11.11178235;43.7132505;3374.57469;57.11693731;13.2269621;3.606757078;1;0.6;400;120;90;90;30
0;87;69.24399804;8530.177414;80.06869967;17.6428885;-0.637698329;42.31135184;3065.28331;54.7027852;12.62672145;0.79412154;5;0.1;40;100;35;70;1
1;81;70.31447597;8109.585769;82.77641695;17.56924743;4.833569458;26.85711737;1296.855138;35.43022037;8.099836613;2.627559024;15;0.7;400;170;70;100;5
2;55;76.05796019;10316.85428;85.53837547;18.82195735;16.26788838;30.28176984;1739.781329;41.18420987;9.362677873;1.190238456;15;0.3;60;200;8;50;10
3;46;80.00997803;11085.39875;88.61894559;22.73558899;17.68775764;46.90261781;3810.973255;60.87316453;14.19488989;2.526358118;1;0.1;70;30;60;70;30
0;96;65.07273249;6235.76831;73.40677429;17.69549703;7.188454992;32.84420009;1676.538414;40.58156988;10.41583275;0.488073105;5;0.3;300;20;60;70;1
1;1;71.16212964;8360.032102;82.99589218;18.10350563;1.331111672;37.91114422;2396.946864;48.20713485;11.46221106;0.550873483;4;0.6;400;70;80;30;5
2;78;72.77663637;7875.010345;81.52767069;19.28618409;6.238486921;44.5576858;3459.143345;58.01945781;13.26653649;-1.540249035;3;0.3;300;20;25;70;10
3;78;92.43680115;15784.11388;102.5515635;23.37663196;19.5015852;44.66716173;3169.555086;55.70938861;14.60135154;0.823825621;3;0.3;300;20;25;70;30
0;83;58.95822759;4982.107709;66.28740359;17.75227688;15.55033421;32.54589463;2013.054769;42.21929118;10.10834484;-2.042431094;30;0.3;80;30;20;100;1
1;11;70.91415381;10262.63853;85.50481984;18.23923739;0.26441152;38.12193585;2396.951419;48.56687109;12.05142711;-1.014341026;4;0.1;50;300;6;10;5
2;73;75.68318393;9482.571108;85.6746799;19.77403476;-2.065389526;39.90839511;2721.376241;51.60867589;12.44641451;1.38061518;4;0.1;80;50;80;60;10
3;32;95.47510775;15101.50957;103.313438;23.52557708;17.45372934;42.97141918;3134.803469;55.69235077;12.84400992;7.142224034;10;0.7;70;70;40;50;30
0;32;74.01715456;9315.125171;80.83164276;17.76177183;17.47006709;45.36678798;3774.360933;58.88491383;12.52780412;10.95846754;10;0.7;70;70;40;50;1
1;83;68.10192605;6290.10363;78.27056175;18.5897017;18.5897017;23.62895274;1089.857338;30.1967932;7.807719853;0.717959849;30;0.3;80;30;20;100;5
2;67;80.57669627;10334.37011;88.81164532;19.89961532;16.39731898;23.82025587;1098.988052;32.73720348;7.438371357;0.64970994;40;0.1;300;120;30;100;10
3;83;88.26498895;12757.0515;98.3410324;23.54707973;20.57401778;34.88279351;2550.089651;43.51738572;10.65230144;-2.777496267;30;0.3;80;30;20;100;30
0;17;75.1238135;8243.459124;82.32631108;18.176801;16.66630162;51.73129009;6971.578031;75.30395563;13.12412349;9.902606451;3;0.5;20;100;50;100;1
1;2;79.65723729;10195.67135;91.26873175;19.59181303;15.05007758;36.9787767;2461.397115;47.63102032;10.85092114;4.057477178;3;0.3;80;50;9;100;5
2;91;79.20686523;9808.694367;89.04165401;20.28530273;14.45574795;15.80435073;429.9715422;20.64467621;5.140767788;2.008129921;30;0.7;90;170;90;60;10
3;63;90.50603323;12769.34059;99.72018432;23.67956046;16.34379063;47.02411148;3670.083585;59.78717857;14.60995583;1.5816183;2;0.1;100;30;90;90;30
0;61;72.39138686;7860.616056;83.21081977;18.39252072;9.106784391;36.63516091;2182.576095;46.22819024;11.20795966;3.337979999;3;0.4;300;50;9;80;1
1;52;75.24172117;8389.051974;84.29450918;19.73737921;19.55329477;34.26139972;1875.738523;42.5718445;10.28361772;6.635105609;15;0.2;300;85;90;90;5
2;52;81.62434497;9535.769927;90.79057402;20.46956621;19.54656544;30.02667359;1536.487131;38.93856306;9.175951373;2.519627757;15;0.2;300;85;90;90;10
3;3;95.3021696;14050.70923;103.6566647;23.71577892;23.51782802;49.58733901;4158.905115;63.1085144;14.72023364;8.407857615;2;0.6;200;100;6;80;30
0;63;71.19436469;6930.374533;80.15847666;18.55432123;5.167738688;45.0588478;3197.826498;55.55433669;13.80070153;2.458155714;2;0.1;100;30;90;90;1
1;46;71.66659485;8128.965019;83.82168878;21.78504964;13.93836553;47.05123442;3707.536817;58.86559719;14.12988747;3.064079395;1;0.1;70;30;60;70;5
2;84;82.31933188;10436.21398;92.85711622;21.47306136;11.17166003;12.80578525;271.7635676;16.23435984;4.171421948;0.292197982;30;0.1;30;100;35;30;10
3;38;92.25858473;12515.02442;103.1823475;23.72312288;23.65540677;22.03663066;874.7682232;28.57992039;6.904894992;1.688228172;30;0.1;90;50;35;100;30
0;58;72.21617103;7007.284116;78.19688137;19.58985651;16.67484304;41.87417042;3072.133308;53.867432;12.78586216;3.096918009;1;0.3;100;10;100;20;1
1;61;86.5919346;10319.46128;96.18787785;22.00912061;8.251309436;40.7648608;2672.53418;50.20769229;12.62514646;2.338778531;3;0.4;300;50;9;80;5
2;32;90.19451786;11194.28868;99.14036596;22.89562632;22.70816128;54.0568825;5551.914241;70.78670881;15.03206127;12.65394661;10;0.7;70;70;40;50;10
3;26;87.64934277;11752.84769;95.94854589;23.8201733;13.07840933;42.65376313;3187.621038;55.29516066;12.87746754;4.703648995;1;0.3;60;100;6;80;30
0;53;73.69407866;7062.286411;82.25549369;20.04321772;13.01483429;48.60169775;4406.545796;62.85426932;13.71046411;8.219963032;2;0.6;90;100;90;80;1
1;63;82.0497405;9387.100581;92.91967378;22.07329436;1.393900049;45.11604828;3085.714624;55.24018708;14.28000366;0.787974046;2;0.1;100;30;90;90;5
2;76;90.06604977;10524.69752;98.65115273;22.98315223;22.85353319;42.59482525;3162.469112;54.99650648;12.49918633;7.290139639;4;0.4;20;30;15;80;10
3;44;92.07260928;12649.76291;104.5967388;23.88279822;23.61363671;51.28976465;4245.385803;64.20471597;15.57233944;8.151208664;5;0.6;100;50;9;50;30
0;1;79.55282364;10512.62173;90.54359309;20.24567903;0.167983963;39.07016283;2532.076245;49.47851537;11.71449345;1.195958319;4;0.6;400;70;80;30;1
1;17;88.9785131;10238.81894;95.32535787;22.47760054;22.40794275;52.60591898;5727.138457;72.29371516;14.088459;11.64254824;3;0.5;20;100;50;100;5
2;63;73.01375412;9957.849689;89.28827714;23.44374926;18.27366985;45.02342646;3376.798771;57.84455989;13.62200919;3.079528417;2;0.1;100;30;90;90;10
3;82;95.91397167;13312.18643;104.1073267;24.48637836;20.07589922;43.33062866;3114.924966;54.71819086;13.24401835;4.241031962;2;0.4;50;100;25;100;30
0;73;80.05787675;10749.17647;91.49609671;20.74113063;1.001022946;40.64219958;2826.117026;52.51380931;12.41148504;1.509431564;4;0.1;80;50;80;60;1
1;28;83.73641696;9676.502696;92.49421504;22.89286637;10.0009064;52.19611231;4830.225285;64.93064864;15.59199378;-2.247902652;15;0.1;100;10;8;70;5
2;58;88.44740485;11477.87922;99.88210118;25.27182613;5.442624008;42.9427235;3486.133882;56.3767687;12.96765803;2.403853687;1;0.3;100;10;100;20;10
3;28;93.65837599;14023.32149;102.7147089;25.15279747;22.76326967;48.49777946;3889.854637;60.51311145;16.2622005;-2.718114636;15;0.1;100;10;8;70;30
0;44;83.47011256;9316.365285;90.72385721;20.92641715;20.74676597;43.8402183;3608.593276;59.16121511;12.02709019;9.331433667;5;0.6;100;50;9;50;1
1;7;84.39315133;9419.436276;94.94581444;23.95925643;23.95925643;63.93571942;8862.860294;75.16442209;19.06251751;13.88576364;40;0.7;20;20;20;40;5
2;53;91.00303482;10111.24575;98.07601257;25.34095075;25.34095075;54.52663617;5711.797601;69.59972848;15.24017619;11.2964966;2;0.6;90;100;90;80;10
3;17;104.954435;15840.68324;112.0275877;25.53513744;25.35888474;61.53190018;7868.190931;85.41939252;16.6290786;12.23109111;3;0.5;20;100;50;100;30
0;51;75.41153987;8633.180693;82.60629813;21.15123388;19.71451545;58.77653166;7496.934273;73.39541338;16.92861251;13.0078865;10;0.5;30;30;80;50;1
1;30;99.44213392;14007.9672;105.521805;23.96026329;20.07534695;62.26639338;8648.884339;88.70259123;16.21428655;8.175632233;3;0.4;20;30;10;90;5
2;17;104.1939579;13351.08881;111.2097382;26.80251608;26.77726787;57.666441;7068.466693;78.89050548;15.19753608;11.90512163;3;0.5;20;100;50;100;10
3;53;102.365272;14130.70367;112.5576958;26.33004726;26.15901051;54.32782524;5272.333285;70.73488417;15.50674872;9.357454174;2;0.6;90;100;90;80;30
0;2;83.39793318;9080.888489;90.54067836;22.11088752;8.829163956;40.01422831;2585.257249;49.79386601;12.1305533;4.228933191;3;0.3;80;50;9;100;1
1;72;99.33145094;13782.20304;105.3863471;24.21655774;18.85940238;70.51196973;10770.97146;95.77850002;18.91717977;4.924013668;5;0.7;20;10;10;30;5
2;71;108.1953423;15553.8213;113.9051545;26.95830887;25.51439792;61.508077;7981.002255;85.11611983;16.73885238;11.75446148;3;0.7;90;20;20;60;10
3;45;106.4095123;15840.54691;114.34084;27.17123185;26.68231195;57.24195766;5883.999124;74.23467623;16.38007443;10.74099255;5;0.7;50;70;30;70;30
0;7;89.67059104;11094.57953;96.63743731;26.69303317;25.70247067;51.65973844;5165.582617;61.15768909;16.01550259;10.37985319;40;0.7;20;20;20;40;1
1;50;85.56854982;11136.56992;93.42593202;24.46489494;24.02823199;47.53460195;4199.068236;60.12698974;15.0370473;11.81043672;15;0.7;100;10;20;70;5
2;51;101.0682854;13223.64118;109.6926918;27.14467291;26.40547097;62.29418764;8779.458292;84.26270393;17.14064867;13.51042184;10;0.5;30;30;80;50;10
3;72;121.7470763;20631.0916;127.0252206;29.71187759;21.69260297;71.89066863;10966.8473;99.24821844;19.48565912;7.148489767;5;0.7;20;10;10;30;30
0;30;123.2118328;21567.20357;128.5104948;29.25296674;28.19468172;61.31115417;7711.8055;87.29683084;16.06205478;11.86860453;3;0.4;20;30;10;90;1
1;76;98.98768271;13815.5283;104.9918359;24.47334294;24.04504658;61.28488038;7718.946134;85.15220363;17.08595198;12.04164636;4;0.4;20;30;15;80;5
2;7;112.3332179;19061.41961;119.8110934;28.0893281;27.84958775;45.53812783;3803.220198;59.15576836;14.21972763;10.24363846;40;0.7;20;20;20;40;10
3;30;121.8174874;20660.93093;128.5184729;29.71533452;28.0315112;68.70276121;9653.691991;93.7966395;18.4414926;12.61627726;3;0.4;20;30;10;90;30
0;72;123.743217;19934.06344;130.3808885;30.59775802;25.13046899;75.24847703;12775.23317;106.0956298;19.34529633;10.85598189;5;0.7;20;10;10;30;1
1;84;84.52790687;12230.79643;98.08195833;26.19504431;-2.856123895;16.9930576;1003.251843;24.22484882;4.900037714;1.805584555;30;0.1;30;100;35;30;5
2;54;112.5839713;16000.20765;119.4216913;28.67809158;28.64829342;44.08009265;3395.306949;55.4825508;13.06460731;10.1392454;20;0.7;40;50;35;60;10
3;51;113.1044378;18320.59064;121.4000942;29.98439233;28.02826019;51.73957599;4212.538697;62.20171459;16.01236663;9.210546863;10;0.5;30;30;80;50;30
0;50;107.1640006;13112.75382;111.8401989;30.67731518;30.66177274;70.13521831;8595.665115;80.93534457;21.03334272;15.77695083;15;0.7;100;10;20;70;1
1;51;103.5840414;13763.34321;109.8216905;26.58414423;24.67276299;49.26266933;4434.247486;61.30180904;14.08799927;9.1440983;10;0.5;30;30;80;50;5
2;30;118.7368357;19070.3184;123.7869997;29.06129807;26.44252482;63.0949159;8082.245682;88.39556051;16.71581108;12.49122098;3;0.4;20;30;10;90;10
3;76;123.8617955;19507.45485;129.713596;31.24823792;31.24823792;50.52192185;4609.489702;66.3152873;14.92289216;9.499623155;4;0.4;20;30;15;80;30
0;19;125.0136892;19630.28188;130.6137904;31.75902043;19.25340461;73.8904309;11351.64875;102.0894554;19.85842564;6.103640927;3;0.7;20;30;10;80;1
1;19;111.009729;16527.58745;117.5730588;27.24771459;21.16250514;80.6013588;14635.72874;111.8043118;21.02196255;8.051369302;3;0.7;20;30;10;80;5
2;28;103.8811071;13500.12826;113.0133893;29.18857941;29.18857941;48.42382718;3593.812109;59.57409993;15.92949602;7.713524629;15;0.1;100;10;8;70;10
3;7;114.1231651;20550.31084;121.9570131;32.93835451;31.0642;63.32319684;6389.617924;75.05810374;21.55426568;10.34253003;40;0.7;20;20;20;40;30
0;45;130.6724694;23904.44063;136.4068412;31.81968482;31.6923909;81.42804326;13963.35236;114.2577794;20.38353308;19.75783708;5;0.7;50;70;30;70;1
1;44;108.6041622;14897.03181;115.3352684;27.6515705;27.06064375;57.07317599;5824.701444;75.80270461;15.6435985;13.86670893;5;0.6;100;50;9;50;5
2;19;123.0234862;19697.40593;128.8711639;30.33927024;25.29273717;77.37217725;13305.62679;108.4032989;19.87318715;11.70538887;3;0.7;20;30;10;80;10
3;19;132.0486213;22602.16636;136.5616237;33.21703581;20.02679843;69.94950791;9663.579631;94.87062974;19.71115381;3.720048596;3;0.7;20;30;10;80;30
0;95;93.96606974;22340.11184;108.3440628;32.84742596;-15.96052576;11.54647003;329.2337052;15.75307152;3.419247312;-0.221142282;30;0.4;200;500;50;60;1
1;45;113.4212639;15518.04016;119.0412558;29.45247923;29.38329077;71.54442291;10744.5046;97.0584064;18.64611997;17.90411914;5;0.7;50;70;30;70;5
2;72;127.1277312;22900.48119;132.9784902;30.51094536;26.72097272;76.7567339;12533.85061;106.7792153;20.07971691;10.14573915;5;0.7;20;10;10;30;10
3;16;129.4041727;30116.47654;140.7627728;33.58998248;2.34460475;250.139073;196123.8281;299.2496324;72.21765134;-64.04701997;30;0.1;40;10;35;100;30
0;71;133.3437084;22850.77604;138.3231661;33.01617933;32.86297012;70.94803678;9790.418418;97.01866886;18.79550298;15.6934537;3;0.7;90;20;20;60;1
1;71;123.0814751;18295.81877;127.7991149;31.40490582;31.3066848;78.70104118;12720.49185;103.8381093;20.49727635;18.40019878;3;0.7;90;20;20;60;5
2;50;113.8198599;15732.80317;118.9576481;30.89940747;30.85562903;53.90291634;5323.322452;69.84756036;17.21480339;11.21720357;15;0.7;100;10;20;70;10
3;71;143.8383571;28750.57669;149.0981159;34.85986514;34.75247667;71.17523701;9458.21367;94.96992698;20.24200625;16.46322017;3;0.7;90;20;20;60;30
0;54;136.377995;20452.86315;140.105882;36.67252355;36.67252355;61.32400452;5645.256791;74.13990393;18.5451164;17.73082527;20;0.7;40;50;35;60;1
1;54;118.6670059;17263.70741;124.0562781;31.80403773;31.6866885;58.42841826;5915.7378;71.49784921;17.50244557;15.25565188;20;0.7;40;50;35;60;5
2;45;120.6734381;17042.71005;125.9346624;32.13333004;32.13333004;67.76985309;7931.773618;85.84233855;18.97020848;17.56844604;5;0.7;50;70;30;70;10
3;54;140.113269;24791.5553;145.5894623;36.11852034;36.10141743;60.14057732;6031.610928;75.55872158;17.96320572;15.87154181;20;0.7;40;50;35;60;30
0;16;127.1832376;20817.0215;137.3912371;38.98841666;-25.22041287;157.1674232;70631.9917;181.492228;45.79558676;-43.06217655;30;0.1;40;10;35;100;1
1;20;202.9469562;67740.51763;207.3047531;49.97788773;-33.22283093;276.2638047;128262.4138;339.7806456;79.73757953;-72.59295124;20;0.3;200;10;40;70;5
2;20;141.5237095;33516.89749;149.3411138;33.98386627;-21.46126836;215.202609;69272.55126;252.0384287;65.83431401;-62.32794427;20;0.3;200;10;40;70;10
3;50;175.0131222;33992.73651;179.2975802;48.83975478;48.83975478;86.67798261;10785.97816;100.5222279;27.27521094;25.70133864;15;0.7;100;10;20;70;30
0;20;140.9333478;34882.20376;145.9616772;40.04521055;-37.92311122;274.1724463;154147.5402;331.3752141;76.58000341;-76.25882899;20;0.3;200;10;40;70;1
1;16;268.648021;112985.9924;280.085917;80.94544409;-80.94544409;263.2280124;106431.3984;294.8901667;81.65441789;-81.12713591;30;0.1;40;10;35;100;5
2;16;211.4312065;84764.63657;221.5378462;52.62207147;-33.29222008;216.6837216;96477.60619;270.1327756;63.20587119;-59.08508275;30;0.1;40;10;35;100;10
3;20;231.990691;61625.16787;240.2800351;64.37158027;8.157675834;243.2536958;104963.1561;292.0687361;73.06042942;-55.38363307;20;0.3;200;10;40;70;30
